STATE,STATENAME,ST_CASE,VE_TOTAL,VE_FORMS,PVH_INVL,PEDS,PERSONS,PERMVIT,PERNOTMVIT,COUNTY,COUNTYNAME,CITY,CITYNAME,DAY,MONTH,MONTHNAME,YEAR,DAY_WEEK,DAY_WEEKNAME,HOUR,MINUTE,NHS,NHSNAME,ROUTE,ROUTENAME,TWAY_ID,RUR_URB,RUR_URBNAME,FUNC_SYS,FUNC_SYSNAME,RD_OWNER,RD_OWNERNAME,MILEPT,MILEPTNAME,LATITUDE,LONGITUD,SP_JUR,SP_JURNAME,HARM_EV,HARM_EVNAME,MAN_COLL,MAN_COLLNAME,RELJCT1,RELJCT1NAME,RELJCT2,RELJCT2NAME,TYP_INT,TYP_INTNAME,WRK_ZONE,WRK_ZONENAME,REL_ROAD,REL_ROADNAME,LGT_COND,LGT_CONDNAME,WEATHER,WEATHERNAME,SCH_BUS,SCH_BUSNAME,RAIL,RAILNAME,NOT_HOUR,NOT_HOURNAME,NOT_MIN,NOT_MINNAME,ARR_HOURNAME,ARR_MINNAME,HOSP_HR,HOSP_HRNAME,HOSP_MN,HOSP_MNNAME,CF1,CF1NAME,FATALS,DRUNK_DR,DATETIME
24,Maryland,240109,2,2,0,0,2,2,0,17,CHARLES (17),0,NOT APPLICABLE,10,4,April,2019,4,Wednesday,22,1,1,This section IS ON the NHS,2,U.S. Highway,US-301,2,Urban,3,Principal Arterial - Other,1,State Highway Agency,240,240,38.63547778,-76.901375,0,No Special Jurisdiction,12,Motor Vehicle In-Transport,6,Angle,0,No,7,Crossover-Related,1,Not an Intersection,0,None,1,On Roadway,2,Dark - Not Lighted,1,Clear,0,No,0000000,Not Applicable,99,Unknown,99,Unknown,Unknown EMS Scene Arrival Hour,Unknown EMS Scene Arrival Minutes,99,Unknown,99,Unknown EMS Hospital Arrival Time,0,None,1,0,2019-04-10 22:01:00
24,Maryland,240111,1,1,0,0,3,3,0,5,BALTIMORE (5),0,NOT APPLICABLE,21,2,February,2019,5,Thursday,23,5,0,This section IS NOT on the NHS,4,County Road,CR-8018,2,Urban,4,Minor Arterial,2,County Highway Agency,7,7,39.32621667,-76.71753333,0,No Special Jurisdiction,33,Curb,0,The First Harmful Event was Not a Collision with a Motor Vehicle in Transport,0,No,1,Non-Junction,1,Not an Intersection,0,None,3,On Median,3,Dark - Lighted,1,Clear,0,No,0000000,Not Applicable,99,Unknown,99,Unknown,Unknown EMS Scene Arrival Hour,Unknown EMS Scene Arrival Minutes,99,Unknown,99,Unknown EMS Hospital Arrival Time,0,None,2,1,2019-02-21 23:05:00
24,Maryland,240112,3,1,2,0,3,1,2,5,BALTIMORE (5),0,NOT APPLICABLE,30,4,April,2019,3,Tuesday,3,39,1,This section IS ON the NHS,1,Interstate,I-95,2,Urban,1,Interstate,1,State Highway Agency,209,209,39.38933889,-76.43772222,0,No Special Jurisdiction,25,Concrete Traffic Barrier,0,The First Harmful Event was Not a Collision with a Motor Vehicle in Transport,0,No,1,Non-Junction,1,Not an Intersection,0,None,4,On Roadside,3,Dark - Lighted,1,Clear,0,No,0000000,Not Applicable,99,Unknown,99,Unknown,Unknown EMS Scene Arrival Hour,Unknown EMS Scene Arrival Minutes,88,Not Applicable (Not Transported),88,Not Applicable (Not Transported),0,None,1,0,2019-04-30 03:39:00
24,Maryland,240113,2,2,0,0,2,2,0,33,PRINCE GEORGE`S (33),0,NOT APPLICABLE,26,3,March,2019,3,Tuesday,3,4,0,This section IS NOT on the NHS,3,State Highway,SR-381,1,Rural,5,Major Collector,1,State Highway Agency,112,112,38.68516667,-76.81683333,0,No Special Jurisdiction,12,Motor Vehicle In-Transport,6,Angle,0,No,1,Non-Junction,1,Not an Intersection,0,None,1,On Roadway,2,Dark - Not Lighted,1,Clear,0,No,0000000,Not Applicable,99,Unknown,99,Unknown,Unknown EMS Scene Arrival Hour,Unknown EMS Scene Arrival Minutes,99,Unknown,99,Unknown EMS Hospital Arrival Time,0,None,1,1,2019-03-26 03:04:00
24,Maryland,240114,2,2,0,0,3,3,0,33,PRINCE GEORGE`S (33),0,NOT APPLICABLE,31,3,March,2019,1,Sunday,1,2,0,This section IS NOT on the NHS,4,County Road,CR-87,2,Urban,4,Minor Arterial,2,County Highway Agency,19,19,38.86636111,-76.86421667,0,No Special Jurisdiction,12,Motor Vehicle In-Transport,2,Front-to-Front,0,No,1,Non-Junction,1,Not an Intersection,0,None,1,On Roadway,3,Dark - Lighted,1,Clear,0,No,0000000,Not Applicable,99,Unknown,99,Unknown,Unknown EMS Scene Arrival Hour,Unknown EMS Scene Arrival Minutes,99,Unknown,99,Unknown EMS Hospital Arrival Time,0,None,1,1,2019-03-31 01:02:00
24,Maryland,240115,1,1,0,0,1,1,0,17,CHARLES (17),0,NOT APPLICABLE,28,4,April,2019,1,Sunday,23,32,0,This section IS NOT on the NHS,4,County Road,CR-470,2,Urban,7,Local,2,County Highway Agency,14,14,38.57475,-76.98911111,0,No Special Jurisdiction,42,Tree (Standing Only),0,The First Harmful Event was Not a Collision with a Motor Vehicle in Transport,0,No,1,Non-Junction,1,Not an Intersection,0,None,4,On Roadside,2,Dark - Not Lighted,1,Clear,0,No,0000000,Not Applicable,99,Unknown,99,Unknown,Unknown EMS Scene Arrival Hour,Unknown EMS Scene Arrival Minutes,88,Not Applicable (Not Transported),88,Not Applicable (Not Transported),0,None,1,1,2019-04-28 23:32:00
24,Maryland,240116,2,2,0,0,2,2,0,3,ANNE ARUNDEL (3),0,NOT APPLICABLE,22,4,April,2019,2,Monday,8,0,0,This section IS NOT on the NHS,3,State Highway,SR-450,2,Urban,3,Principal Arterial - Other,1,State Highway Agency,102,102,38.98215833,-76.53157222,0,No Special Jurisdiction,12,Motor Vehicle In-Transport,6,Angle,0,No,8,Driveway Access Related,1,Not an Intersection,0,None,1,On Roadway,1,Daylight,10,Cloudy,0,No,0000000,Not Applicable,99,Unknown,99,Unknown,Unknown EMS Scene Arrival Hour,Unknown EMS Scene Arrival Minutes,99,Unknown,99,Unknown EMS Hospital Arrival Time,0,None,1,0,2019-04-22 08:00:00
24,Maryland,240117,1,1,0,1,1,1,1,33,PRINCE GEORGE`S (33),0,NOT APPLICABLE,1,5,May,2019,4,Wednesday,9,21,0,This section IS NOT on the NHS,3,State Highway,SR-201,2,Urban,3,Principal Arterial - Other,1,State Highway Agency,0,None,38.91236944,-76.93381944,0,No Special Jurisdiction,8,Pedestrian,0,The First Harmful Event was Not a Collision with a Motor Vehicle in Transport,0,No,3,Intersection-Related,98,Not Reported,0,None,1,On Roadway,1,Daylight,1,Clear,0,No,0000000,Not Applicable,99,Unknown,99,Unknown,Unknown EMS Scene Arrival Hour,Unknown EMS Scene Arrival Minutes,88,Not Applicable (Not Transported),88,Not Applicable (Not Transported),0,None,1,0,2019-05-01 09:21:00
24,Maryland,240118,2,2,0,0,5,5,0,21,FREDERICK (21),0,NOT APPLICABLE,4,5,May,2019,7,Saturday,22,49,0,This section IS NOT on the NHS,2,U.S. Highway,US-40AL,1,Rural,4,Minor Arterial,1,State Highway Agency,100,100,39.42001389,-77.46571389,0,No Special Jurisdiction,12,Motor Vehicle In-Transport,6,Angle,0,No,2,Intersection,2,Four-Way Intersection,0,None,1,On Roadway,3,Dark - Lighted,2,Rain,0,No,0000000,Not Applicable,99,Unknown,99,Unknown,Unknown EMS Scene Arrival Hour,Unknown EMS Scene Arrival Minutes,99,Unknown,99,Unknown EMS Hospital Arrival Time,0,None,1,1,2019-05-04 22:49:00
24,Maryland,240119,1,1,0,1,1,1,1,3,ANNE ARUNDEL (3),0,NOT APPLICABLE,5,5,May,2019,1,Sunday,11,39,0,This section IS NOT on the NHS,3,State Highway,SR-2,2,Urban,3,Principal Arterial - Other,1,State Highway Agency,343,343,39.13838333,-76.60059167,0,No Special Jurisdiction,9,Pedalcyclist,0,The First Harmful Event was Not a Collision with a Motor Vehicle in Transport,0,No,2,Intersection,2,Four-Way Intersection,0,None,1,On Roadway,1,Daylight,2,Rain,0,No,0000000,Not Applicable,99,Unknown,99,Unknown,Unknown EMS Scene Arrival Hour,Unknown EMS Scene Arrival Minutes,99,Unknown,99,Unknown EMS Hospital Arrival Time,0,None,1,0,2019-05-05 11:39:00
24,Maryland,240120,2,2,0,0,3,3,0,35,QUEEN ANNE`S (35),0,NOT APPLICABLE,1,5,May,2019,4,Wednesday,9,16,1,This section IS ON the NHS,2,U.S. Highway,US-50,2,Urban,3,Principal Arterial - Other,1,State Highway Agency,102,102,38.96653333,-76.18935,0,No Special Jurisdiction,12,Motor Vehicle In-Transport,7,Sideswipe - Same Direction,0,No,1,Non-Junction,1,Not an Intersection,0,None,1,On Roadway,1,Daylight,10,Cloudy,0,No,0000000,Not Applicable,99,Unknown,99,Unknown,Unknown EMS Scene Arrival Hour,Unknown EMS Scene Arrival Minutes,88,Not Applicable (Not Transported),88,Not Applicable (Not Transported),0,None,1,0,2019-05-01 09:16:00
24,Maryland,240121,1,1,0,0,1,1,0,3,ANNE ARUNDEL (3),0,NOT APPLICABLE,4,5,May,2019,7,Saturday,13,59,0,This section IS NOT on the NHS,4,County Road,CR-1371,2,Urban,5,Major Collector,2,County Highway Agency,13,13,39.13578611,-76.61039444,0,No Special Jurisdiction,1,Rollover/Overturn,0,The First Harmful Event was Not a Collision with a Motor Vehicle in Transport,0,No,1,Non-Junction,1,Not an Intersection,0,None,1,On Roadway,1,Daylight,1,Clear,0,No,0000000,Not Applicable,99,Unknown,99,Unknown,Unknown EMS Scene Arrival Hour,Unknown EMS Scene Arrival Minutes,99,Unknown,99,Unknown EMS Hospital Arrival Time,0,None,1,0,2019-05-04 13:59:00
24,Maryland,240122,1,1,0,0,1,1,0,33,PRINCE GEORGE`S (33),0,NOT APPLICABLE,30,4,April,2019,3,Tuesday,21,43,0,This section IS NOT on the NHS,4,County Road,CR-3050,2,Urban,7,Local,2,County Highway Agency,0,None,38.820525,-76.84903333,0,No Special Jurisdiction,24,Guardrail Face,0,The First Harmful Event was Not a Collision with a Motor Vehicle in Transport,0,No,3,Intersection-Related,2,Four-Way Intersection,0,None,4,On Roadside,2,Dark - Not Lighted,10,Cloudy,0,No,0000000,Not Applicable,99,Unknown,99,Unknown,Unknown EMS Scene Arrival Hour,Unknown EMS Scene Arrival Minutes,88,Not Applicable (Not Transported),88,Not Applicable (Not Transported),0,None,1,1,2019-04-30 21:43:00
24,Maryland,240123,2,2,0,0,3,3,0,3,ANNE ARUNDEL (3),0,NOT APPLICABLE,10,5,May,2019,6,Friday,7,53,0,This section IS NOT on the NHS,3,State Highway,SR-468,2,Urban,5,Major Collector,1,State Highway Agency,36,36,38.81519722,-76.55408333,0,No Special Jurisdiction,12,Motor Vehicle In-Transport,2,Front-to-Front,0,No,1,Non-Junction,1,Not an Intersection,0,None,1,On Roadway,1,Daylight,1,Clear,0,No,0000000,Not Applicable,99,Unknown,99,Unknown,Unknown EMS Scene Arrival Hour,Unknown EMS Scene Arrival Minutes,99,Unknown,99,Unknown EMS Hospital Arrival Time,0,None,1,0,2019-05-10 07:53:00
24,Maryland,240124,2,2,0,0,2,2,0,17,CHARLES (17),0,NOT APPLICABLE,2,5,May,2019,5,Thursday,1,56,0,This section IS NOT on the NHS,3,State Highway,SR-5,2,Urban,3,Principal Arterial - Other,1,State Highway Agency,45,45,38.55069167,-76.82076111,0,No Special Jurisdiction,12,Motor Vehicle In-Transport,2,Front-to-Front,0,No,1,Non-Junction,1,Not an Intersection,0,None,1,On Roadway,3,Dark - Lighted,1,Clear,0,No,0000000,Not Applicable,99,Unknown,99,Unknown,Unknown EMS Scene Arrival Hour,Unknown EMS Scene Arrival Minutes,99,Unknown,99,Unknown EMS Hospital Arrival Time,0,None,1,1,2019-05-02 01:56:00
24,Maryland,240125,1,1,0,1,1,1,1,17,CHARLES (17),0,NOT APPLICABLE,28,4,April,2019,1,Sunday,20,20,0,This section IS NOT on the NHS,4,County Road,CR-341,1,Rural,7,Local,2,County Highway Agency,7,7,38.50376944,-77.02878056,0,No Special Jurisdiction,8,Pedestrian,0,The First Harmful Event was Not a Collision with a Motor Vehicle in Transport,0,No,1,Non-Junction,1,Not an Intersection,0,None,1,On Roadway,2,Dark - Not Lighted,1,Clear,0,No,0000000,Not Applicable,99,Unknown,99,Unknown,Unknown EMS Scene Arrival Hour,Unknown EMS Scene Arrival Minutes,99,Unknown,99,Unknown EMS Hospital Arrival Time,0,None,1,1,2019-04-28 20:20:00
24,Maryland,240126,2,2,0,0,2,2,0,47,WORCESTER (47),0,NOT APPLICABLE,3,5,May,2019,6,Friday,17,22,0,This section IS NOT on the NHS,2,U.S. Highway,US-113,1,Rural,3,Principal Arterial - Other,1,State Highway Agency,146,146,38.19391111,-75.37005556,0,No Special Jurisdiction,12,Motor Vehicle In-Transport,2,Front-to-Front,0,No,1,Non-Junction,1,Not an Intersection,0,None,1,On Roadway,1,Daylight,1,Clear,0,No,0000000,Not Applicable,99,Unknown,99,Unknown,Unknown EMS Scene Arrival Hour,Unknown EMS Scene Arrival Minutes,99,Unknown,99,Unknown EMS Hospital Arrival Time,0,None,1,0,2019-05-03 17:22:00
24,Maryland,240127,1,1,0,0,1,1,0,37,ST. MARY`S (37),0,NOT APPLICABLE,7,5,May,2019,3,Tuesday,22,20,0,This section IS NOT on the NHS,4,County Road,CR-2,1,Rural,7,Local,2,County Highway Agency,21,21,38.50406944,-76.74157222,0,No Special Jurisdiction,42,Tree (Standing Only),0,The First Harmful Event was Not a Collision with a Motor Vehicle in Transport,0,No,1,Non-Junction,1,Not an Intersection,0,None,4,On Roadside,2,Dark - Not Lighted,1,Clear,0,No,0000000,Not Applicable,99,Unknown,99,Unknown,Unknown EMS Scene Arrival Hour,Unknown EMS Scene Arrival Minutes,99,Unknown,99,Unknown EMS Hospital Arrival Time,0,None,1,0,2019-05-07 22:20:00
24,Maryland,240128,2,2,0,0,3,3,0,27,HOWARD (27),0,NOT APPLICABLE,7,5,May,2019,3,Tuesday,12,37,0,This section IS NOT on the NHS,3,State Highway,SR-32,2,Urban,3,Principal Arterial - Other,1,State Highway Agency,194,194,39.30655833,-76.95266389,0,No Special Jurisdiction,12,Motor Vehicle In-Transport,6,Angle,0,No,2,Intersection,2,Four-Way Intersection,0,None,1,On Roadway,1,Daylight,1,Clear,0,No,0000000,Not Applicable,99,Unknown,99,Unknown,Unknown EMS Scene Arrival Hour,Unknown EMS Scene Arrival Minutes,99,Unknown,99,Unknown EMS Hospital Arrival Time,0,None,1,0,2019-05-07 12:37:00
24,Maryland,240129,2,2,0,0,2,2,0,5,BALTIMORE (5),0,NOT APPLICABLE,8,4,April,2019,2,Monday,14,39,0,This section IS NOT on the NHS,3,State Highway,SR-702,2,Urban,3,Principal Arterial - Other,1,State Highway Agency,23,23,39.31096111,-76.45261944,0,No Special Jurisdiction,12,Motor Vehicle In-Transport,6,Angle,0,No,2,Intersection,2,Four-Way Intersection,0,None,1,On Roadway,1,Daylight,1,Clear,0,No,0000000,Not Applicable,99,Unknown,99,Unknown,Unknown EMS Scene Arrival Hour,Unknown EMS Scene Arrival Minutes,99,Unknown,99,Unknown EMS Hospital Arrival Time,0,None,1,0,2019-04-08 14:39:00
24,Maryland,240130,1,1,0,1,1,1,1,510,BALTIMORE (510),50,BALTIMORE,22,2,February,2019,6,Friday,6,42,0,This section IS NOT on the NHS,2,U.S. Highway,US-1,2,Urban,3,Principal Arterial - Other,1,State Highway Agency,92,92,39.32771944,-76.56581667,0,No Special Jurisdiction,9,Pedalcyclist,0,The First Harmful Event was Not a Collision with a Motor Vehicle in Transport,0,No,2,Intersection,2,Four-Way Intersection,0,None,1,On Roadway,4,Dawn,1,Clear,0,No,0000000,Not Applicable,99,Unknown,99,Unknown,Unknown EMS Scene Arrival Hour,Unknown EMS Scene Arrival Minutes,99,Unknown,99,Unknown EMS Hospital Arrival Time,0,None,1,0,2019-02-22 06:42:00
24,Maryland,240131,3,3,0,0,3,3,0,15,CECIL (15),0,NOT APPLICABLE,10,5,May,2019,6,Friday,13,1,0,This section IS NOT on the NHS,2,U.S. Highway,US-40,2,Urban,4,Minor Arterial,1,State Highway Agency,114,114,39.60909167,-75.88379444,0,No Special Jurisdiction,18,Other Object (not fixed),0,The First Harmful Event was Not a Collision with a Motor Vehicle in Transport,0,No,1,Non-Junction,1,Not an Intersection,4,"Work Zone, Type Unknown",5,Outside Trafficway,1,Daylight,1,Clear,0,No,0000000,Not Applicable,99,Unknown,99,Unknown,Unknown EMS Scene Arrival Hour,Unknown EMS Scene Arrival Minutes,99,Unknown,99,Unknown EMS Hospital Arrival Time,0,None,1,0,2019-05-10 13:01:00
24,Maryland,240132,2,2,0,0,3,3,0,19,DORCHESTER (19),0,NOT APPLICABLE,24,4,April,2019,4,Wednesday,12,40,0,This section IS NOT on the NHS,3,State Highway,SR-307,1,Rural,4,Minor Arterial,1,State Highway Agency,25,25,38.65841111,-75.82900278,0,No Special Jurisdiction,12,Motor Vehicle In-Transport,6,Angle,0,No,2,Intersection,2,Four-Way Intersection,0,None,1,On Roadway,1,Daylight,1,Clear,0,No,0000000,Not Applicable,99,Unknown,99,Unknown,Unknown EMS Scene Arrival Hour,Unknown EMS Scene Arrival Minutes,99,Unknown,99,Unknown EMS Hospital Arrival Time,0,None,1,0,2019-04-24 12:40:00
24,Maryland,240133,1,1,0,1,2,2,1,33,PRINCE GEORGE`S (33),0,NOT APPLICABLE,19,5,May,2019,1,Sunday,5,38,0,This section IS NOT on the NHS,2,U.S. Highway,US-301,2,Urban,3,Principal Arterial - Other,1,State Highway Agency,81,81,38.75869722,-76.80889722,0,No Special Jurisdiction,8,Pedestrian,0,The First Harmful Event was Not a Collision with a Motor Vehicle in Transport,0,No,1,Non-Junction,1,Not an Intersection,0,None,1,On Roadway,2,Dark - Not Lighted,10,Cloudy,0,No,0000000,Not Applicable,99,Unknown,99,Unknown,Unknown EMS Scene Arrival Hour,Unknown EMS Scene Arrival Minutes,88,Not Applicable (Not Transported),88,Not Applicable (Not Transported),0,None,1,0,2019-05-19 05:38:00
24,Maryland,240134,2,2,0,0,5,5,0,43,WASHINGTON (43),0,NOT APPLICABLE,16,5,May,2019,5,Thursday,17,6,1,This section IS ON the NHS,2,U.S. Highway,US-340,1,Rural,3,Principal Arterial - Other,1,State Highway Agency,18,18,39.32986389,-77.68229167,0,No Special Jurisdiction,12,Motor Vehicle In-Transport,6,Angle,0,No,7,Crossover-Related,1,Not an Intersection,0,None,1,On Roadway,1,Daylight,1,Clear,0,No,0000000,Not Applicable,99,Unknown,99,Unknown,Unknown EMS Scene Arrival Hour,Unknown EMS Scene Arrival Minutes,99,Unknown,99,Unknown EMS Hospital Arrival Time,0,None,2,0,2019-05-16 17:06:00
24,Maryland,240135,2,2,0,0,2,2,0,21,FREDERICK (21),0,NOT APPLICABLE,21,5,May,2019,3,Tuesday,15,47,0,This section IS NOT on the NHS,2,U.S. Highway,US-15,1,Rural,7,Local,1,State Highway Agency,227,227,39.54450278,-77.42598056,0,No Special Jurisdiction,12,Motor Vehicle In-Transport,6,Angle,0,No,2,Intersection,2,Four-Way Intersection,0,None,1,On Roadway,1,Daylight,1,Clear,0,No,0000000,Not Applicable,99,Unknown,99,Unknown,Unknown EMS Scene Arrival Hour,Unknown EMS Scene Arrival Minutes,99,Unknown,99,Unknown EMS Hospital Arrival Time,0,None,1,0,2019-05-21 15:47:00
24,Maryland,240137,1,1,0,0,1,1,0,15,CECIL (15),0,NOT APPLICABLE,18,5,May,2019,7,Saturday,23,56,0,This section IS NOT on the NHS,4,County Road,CR-248,1,Rural,7,Local,2,County Highway Agency,11,11,39.59319722,-75.85540833,0,No Special Jurisdiction,30,Utility Pole/Light Support,0,The First Harmful Event was Not a Collision with a Motor Vehicle in Transport,0,No,1,Non-Junction,1,Not an Intersection,0,None,4,On Roadside,2,Dark - Not Lighted,1,Clear,0,No,0000000,Not Applicable,99,Unknown,99,Unknown,Unknown EMS Scene Arrival Hour,Unknown EMS Scene Arrival Minutes,88,Not Applicable (Not Transported),88,Not Applicable (Not Transported),0,None,1,1,2019-05-18 23:56:00
24,Maryland,240138,1,1,0,0,3,3,0,37,ST. MARY`S (37),0,NOT APPLICABLE,18,5,May,2019,7,Saturday,13,4,0,This section IS NOT on the NHS,3,State Highway,SR-6,1,Rural,6,Minor Collector,1,State Highway Agency,77,77,38.43921111,-76.68136111,0,No Special Jurisdiction,42,Tree (Standing Only),0,The First Harmful Event was Not a Collision with a Motor Vehicle in Transport,0,No,1,Non-Junction,1,Not an Intersection,0,None,4,On Roadside,1,Daylight,1,Clear,0,No,0000000,Not Applicable,99,Unknown,99,Unknown,Unknown EMS Scene Arrival Hour,Unknown EMS Scene Arrival Minutes,99,Unknown,99,Unknown EMS Hospital Arrival Time,0,None,1,0,2019-05-18 13:04:00
24,Maryland,240139,3,3,0,0,3,3,0,25,HARFORD (25),0,NOT APPLICABLE,24,5,May,2019,6,Friday,19,28,0,This section IS NOT on the NHS,2,U.S. Highway,US-1,1,Rural,3,Principal Arterial - Other,1,State Highway Agency,24,24,39.50285556,-76.38324167,0,No Special Jurisdiction,12,Motor Vehicle In-Transport,6,Angle,0,No,2,Intersection,3,T-Intersection,0,None,1,On Roadway,1,Daylight,1,Clear,0,No,0000000,Not Applicable,99,Unknown,99,Unknown,Unknown EMS Scene Arrival Hour,Unknown EMS Scene Arrival Minutes,99,Unknown,99,Unknown EMS Hospital Arrival Time,0,None,1,1,2019-05-24 19:28:00
24,Maryland,240140,1,1,0,1,2,2,1,33,PRINCE GEORGE`S (33),0,NOT APPLICABLE,25,5,May,2019,7,Saturday,23,17,1,This section IS ON the NHS,2,U.S. Highway,US-301,2,Urban,3,Principal Arterial - Other,1,State Highway Agency,137,137,38.48551944,-76.44438889,0,No Special Jurisdiction,8,Pedestrian,0,The First Harmful Event was Not a Collision with a Motor Vehicle in Transport,0,No,1,Non-Junction,1,Not an Intersection,0,None,1,On Roadway,3,Dark - Lighted,1,Clear,0,No,0000000,Not Applicable,99,Unknown,99,Unknown,Unknown EMS Scene Arrival Hour,Unknown EMS Scene Arrival Minutes,88,Not Applicable (Not Transported),88,Not Applicable (Not Transported),0,None,1,0,2019-05-25 23:17:00
24,Maryland,240141,2,2,0,0,7,7,0,15,CECIL (15),0,NOT APPLICABLE,23,5,May,2019,5,Thursday,21,34,0,This section IS NOT on the NHS,4,County Road,CR-167,2,Urban,5,Major Collector,2,County Highway Agency,10,10,39.61936667,-75.92910278,0,No Special Jurisdiction,12,Motor Vehicle In-Transport,6,Angle,0,No,1,Non-Junction,1,Not an Intersection,0,None,1,On Roadway,2,Dark - Not Lighted,10,Cloudy,0,No,0000000,Not Applicable,99,Unknown,99,Unknown,Unknown EMS Scene Arrival Hour,Unknown EMS Scene Arrival Minutes,99,Unknown,99,Unknown EMS Hospital Arrival Time,0,None,4,0,2019-05-23 21:34:00
24,Maryland,240142,1,1,0,0,1,1,0,21,FREDERICK (21),0,NOT APPLICABLE,27,5,May,2019,2,Monday,4,47,1,This section IS ON the NHS,1,Interstate,I-70,2,Urban,1,Interstate,1,State Highway Agency,240,240,39.38270833,-77.28051389,0,No Special Jurisdiction,1,Rollover/Overturn,0,The First Harmful Event was Not a Collision with a Motor Vehicle in Transport,0,No,1,Non-Junction,1,Not an Intersection,0,None,4,On Roadside,2,Dark - Not Lighted,1,Clear,0,No,0000000,Not Applicable,99,Unknown,99,Unknown,Unknown EMS Scene Arrival Hour,Unknown EMS Scene Arrival Minutes,88,Not Applicable (Not Transported),88,Not Applicable (Not Transported),0,None,1,0,2019-05-27 04:47:00
24,Maryland,240143,1,1,0,0,1,1,0,21,FREDERICK (21),0,NOT APPLICABLE,27,5,May,2019,2,Monday,19,57,1,This section IS ON the NHS,1,Interstate,I-70,2,Urban,1,Interstate,1,State Highway Agency,262,262,39.37368333,-77.22591389,0,No Special Jurisdiction,24,Guardrail Face,0,The First Harmful Event was Not a Collision with a Motor Vehicle in Transport,0,No,1,Non-Junction,1,Not an Intersection,0,None,4,On Roadside,5,Dusk,1,Clear,0,No,0000000,Not Applicable,99,Unknown,99,Unknown,Unknown EMS Scene Arrival Hour,Unknown EMS Scene Arrival Minutes,99,Unknown,99,Unknown EMS Hospital Arrival Time,0,None,1,0,2019-05-27 19:57:00
24,Maryland,240144,1,1,0,0,1,1,0,31,MONTGOMERY (31),0,NOT APPLICABLE,26,5,May,2019,1,Sunday,21,44,0,This section IS NOT on the NHS,3,State Highway,SR-108,2,Urban,4,Minor Arterial,1,State Highway Agency,50,50,39.24855833,-77.14388611,0,No Special Jurisdiction,42,Tree (Standing Only),0,The First Harmful Event was Not a Collision with a Motor Vehicle in Transport,0,No,1,Non-Junction,1,Not an Intersection,0,None,4,On Roadside,2,Dark - Not Lighted,2,Rain,0,No,0000000,Not Applicable,99,Unknown,99,Unknown,Unknown EMS Scene Arrival Hour,Unknown EMS Scene Arrival Minutes,88,Not Applicable (Not Transported),88,Not Applicable (Not Transported),0,None,1,0,2019-05-26 21:44:00
24,Maryland,240145,2,2,0,0,2,2,0,5,BALTIMORE (5),0,NOT APPLICABLE,8,5,May,2019,4,Wednesday,13,57,1,This section IS ON the NHS,1,Interstate,I-795,2,Urban,1,Interstate,1,State Highway Agency,52,52,39.42609444,-76.80637222,0,No Special Jurisdiction,12,Motor Vehicle In-Transport,7,Sideswipe - Same Direction,0,No,1,Non-Junction,1,Not an Intersection,0,None,1,On Roadway,1,Daylight,10,Cloudy,0,No,0000000,Not Applicable,99,Unknown,99,Unknown,Unknown EMS Scene Arrival Hour,Unknown EMS Scene Arrival Minutes,99,Unknown,99,Unknown EMS Hospital Arrival Time,0,None,1,0,2019-05-08 13:57:00
24,Maryland,240146,1,1,0,0,1,1,0,45,WICOMICO (45),0,NOT APPLICABLE,24,5,May,2019,6,Friday,8,7,1,This section IS ON the NHS,2,U.S. Highway,US-50,2,Urban,3,Principal Arterial - Other,1,State Highway Agency,236,236,38.38255278,-75.44730556,0,No Special Jurisdiction,1,Rollover/Overturn,0,The First Harmful Event was Not a Collision with a Motor Vehicle in Transport,0,No,1,Non-Junction,1,Not an Intersection,0,None,4,On Roadside,1,Daylight,1,Clear,0,No,0000000,Not Applicable,99,Unknown,99,Unknown,Unknown EMS Scene Arrival Hour,Unknown EMS Scene Arrival Minutes,99,Unknown,99,Unknown EMS Hospital Arrival Time,0,None,1,0,2019-05-24 08:07:00