STATE,STATENAME,ST_CASE,VE_TOTAL,VE_FORMS,PVH_INVL,PEDS,PERSONS,PERMVIT,PERNOTMVIT,COUNTY,COUNTYNAME,CITY,CITYNAME,DAY,MONTH,MONTHNAME,YEAR,DAY_WEEK,DAY_WEEKNAME,HOUR,MINUTE,NHS,NHSNAME,ROUTE,ROUTENAME,TWAY_ID,RUR_URB,RUR_URBNAME,FUNC_SYS,FUNC_SYSNAME,RD_OWNER,RD_OWNERNAME,MILEPT,MILEPTNAME,LATITUDE,LONGITUD,SP_JUR,SP_JURNAME,HARM_EV,HARM_EVNAME,MAN_COLL,MAN_COLLNAME,RELJCT1,RELJCT1NAME,RELJCT2,RELJCT2NAME,TYP_INT,TYP_INTNAME,WRK_ZONE,WRK_ZONENAME,REL_ROAD,REL_ROADNAME,LGT_COND,LGT_CONDNAME,WEATHER,WEATHERNAME,SCH_BUS,SCH_BUSNAME,RAIL,RAILNAME,NOT_HOUR,NOT_HOURNAME,NOT_MIN,NOT_MINNAME,ARR_HOURNAME,ARR_MINNAME,HOSP_HR,HOSP_HRNAME,HOSP_MN,HOSP_MNNAME,CF1,CF1NAME,FATALS,DRUNK_DR,DATETIME
24,Maryland,240331,1,1,0,1,3,3,1,510,BALTIMORE (510),50,BALTIMORE,17,6,June,2019,2,Monday,16,13,0,This section IS NOT on the NHS,3,State Highway,SR-25 FALLS RD,2,Urban,4,Minor Arterial,4,City or Municipal Highway Agency,22,22,39.33233333,-76.63536389,0,No Special Jurisdiction,9,Pedalcyclist,0,The First Harmful Event was Not a Collision with a Motor Vehicle in Transport,0,No,1,Non-Junction,1,Not an Intersection,0,None,1,On Roadway,1,Daylight,1,Clear,0,No,0000000,Not Applicable,99,Unknown,99,Unknown,Unknown EMS Scene Arrival Hour,Unknown EMS Scene Arrival Minutes,99,Unknown,99,Unknown EMS Hospital Arrival Time,0,None,1,0,2019-06-17 16:13:00
24,Maryland,240332,1,1,0,0,3,3,0,25,HARFORD (25),0,NOT APPLICABLE,5,10,October,2019,7,Saturday,2,37,0,This section IS NOT on the NHS,4,County Road,CR-330,2,Urban,4,Minor Arterial,2,County Highway Agency,18,18,39.52095,-76.21016944,0,No Special Jurisdiction,42,Tree (Standing Only),0,The First Harmful Event was Not a Collision with a Motor Vehicle in Transport,0,No,1,Non-Junction,1,Not an Intersection,0,None,4,On Roadside,2,Dark - Not Lighted,1,Clear,0,No,0000000,Not Applicable,99,Unknown,99,Unknown,Unknown EMS Scene Arrival Hour,Unknown EMS Scene Arrival Minutes,99,Unknown,99,Unknown EMS Hospital Arrival Time,0,None,2,1,2019-10-05 02:37:00
24,Maryland,240333,2,2,0,0,2,2,0,3,ANNE ARUNDEL (3),0,NOT APPLICABLE,26,8,August,2019,2,Monday,11,57,0,This section IS NOT on the NHS,3,State Highway,SR-710,2,Urban,4,Minor Arterial,1,State Highway Agency,9,9,39.19551111,-76.59786944,0,No Special Jurisdiction,12,Motor Vehicle In-Transport,2,Front-to-Front,0,No,2,Intersection,2,Four-Way Intersection,0,None,1,On Roadway,1,Daylight,1,Clear,0,No,0000000,Not Applicable,99,Unknown,99,Unknown,Unknown EMS Scene Arrival Hour,Unknown EMS Scene Arrival Minutes,99,Unknown,99,Unknown EMS Hospital Arrival Time,0,None,1,0,2019-08-26 11:57:00
24,Maryland,240334,5,5,0,0,7,7,0,17,CHARLES (17),0,NOT APPLICABLE,5,10,October,2019,7,Saturday,15,54,0,This section IS NOT on the NHS,4,County Road,CR-110,2,Urban,5,Major Collector,2,County Highway Agency,16,16,38.5559,-76.9504,0,No Special Jurisdiction,12,Motor Vehicle In-Transport,8,Sideswipe - Opposite Direction,0,No,1,Non-Junction,1,Not an Intersection,0,None,1,On Roadway,1,Daylight,1,Clear,0,No,0000000,Not Applicable,99,Unknown,99,Unknown,Unknown EMS Scene Arrival Hour,Unknown EMS Scene Arrival Minutes,99,Unknown,99,Unknown EMS Hospital Arrival Time,0,None,1,1,2019-10-05 15:54:00
24,Maryland,240335,1,1,0,1,1,1,1,3,ANNE ARUNDEL (3),0,NOT APPLICABLE,10,10,October,2019,5,Thursday,6,4,0,This section IS NOT on the NHS,4,County Road,CR-3616,2,Urban,4,Minor Arterial,2,County Highway Agency,6,6,39.17645833,-76.62451111,0,No Special Jurisdiction,8,Pedestrian,0,The First Harmful Event was Not a Collision with a Motor Vehicle in Transport,0,No,2,Intersection,3,T-Intersection,0,None,1,On Roadway,3,Dark - Lighted,1,Clear,0,No,0000000,Not Applicable,99,Unknown,99,Unknown,Unknown EMS Scene Arrival Hour,Unknown EMS Scene Arrival Minutes,88,Not Applicable (Not Transported),88,Not Applicable (Not Transported),0,None,1,0,2019-10-10 06:04:00
24,Maryland,240337,1,1,0,1,2,2,1,47,WORCESTER (47),1150,OCEAN CITY,14,9,September,2019,7,Saturday,0,16,0,This section IS NOT on the NHS,6,Local Street - Municipality,MU-60,2,Urban,4,Minor Arterial,4,City or Municipal Highway Agency,5,5,38.35137222,-75.07630833,0,No Special Jurisdiction,8,Pedestrian,0,The First Harmful Event was Not a Collision with a Motor Vehicle in Transport,0,No,3,Intersection-Related,2,Four-Way Intersection,0,None,1,On Roadway,3,Dark - Lighted,1,Clear,0,No,0000000,Not Applicable,99,Unknown,99,Unknown,Unknown EMS Scene Arrival Hour,Unknown EMS Scene Arrival Minutes,99,Unknown,99,Unknown EMS Hospital Arrival Time,0,None,1,0,2019-09-14 00:16:00
24,Maryland,240338,1,1,0,1,1,1,1,33,PRINCE GEORGE`S (33),0,NOT APPLICABLE,19,9,September,2019,5,Thursday,23,38,0,This section IS NOT on the NHS,4,County Road,CR-542,2,Urban,7,Local,2,County Highway Agency,0,None,38.90759167,-76.91200556,0,No Special Jurisdiction,8,Pedestrian,0,The First Harmful Event was Not a Collision with a Motor Vehicle in Transport,0,No,1,Non-Junction,1,Not an Intersection,0,None,1,On Roadway,3,Dark - Lighted,1,Clear,0,No,0000000,Not Applicable,99,Unknown,99,Unknown,Unknown EMS Scene Arrival Hour,Unknown EMS Scene Arrival Minutes,88,Not Applicable (Not Transported),88,Not Applicable (Not Transported),0,None,1,0,2019-09-19 23:38:00
24,Maryland,240339,1,1,0,1,2,2,1,31,MONTGOMERY (31),0,NOT APPLICABLE,12,10,October,2019,7,Saturday,0,1,1,This section IS ON the NHS,1,Interstate,I-270,2,Urban,1,Interstate,1,State Highway Agency,93,93,39.12535278,-77.20100556,0,No Special Jurisdiction,8,Pedestrian,0,The First Harmful Event was Not a Collision with a Motor Vehicle in Transport,0,No,1,Non-Junction,1,Not an Intersection,0,None,1,On Roadway,3,Dark - Lighted,1,Clear,0,No,0000000,Not Applicable,99,Unknown,99,Unknown,Unknown EMS Scene Arrival Hour,Unknown EMS Scene Arrival Minutes,99,Unknown,99,Unknown EMS Hospital Arrival Time,0,None,1,0,2019-10-12 00:01:00
24,Maryland,240340,1,1,0,0,1,1,0,15,CECIL (15),0,NOT APPLICABLE,13,10,October,2019,1,Sunday,7,16,1,This section IS ON the NHS,1,Interstate,I-95,2,Urban,1,Interstate,1,State Highway Agency,13,13,39.64163611,-75.86856667,0,No Special Jurisdiction,24,Guardrail Face,0,The First Harmful Event was Not a Collision with a Motor Vehicle in Transport,0,No,1,Non-Junction,1,Not an Intersection,0,None,4,On Roadside,1,Daylight,10,Cloudy,0,No,0000000,Not Applicable,99,Unknown,99,Unknown,Unknown EMS Scene Arrival Hour,Unknown EMS Scene Arrival Minutes,88,Not Applicable (Not Transported),88,Not Applicable (Not Transported),0,None,1,0,2019-10-13 07:16:00
24,Maryland,240341,1,1,0,0,1,1,0,47,WORCESTER (47),0,NOT APPLICABLE,22,9,September,2019,1,Sunday,17,41,0,This section IS NOT on the NHS,3,State Highway,SR-589,1,Rural,7,Local,1,State Highway Agency,45,45,38.39121389,-75.20036111,0,No Special Jurisdiction,42,Tree (Standing Only),0,The First Harmful Event was Not a Collision with a Motor Vehicle in Transport,0,No,1,Non-Junction,1,Not an Intersection,0,None,4,On Roadside,1,Daylight,1,Clear,0,No,0000000,Not Applicable,99,Unknown,99,Unknown,Unknown EMS Scene Arrival Hour,Unknown EMS Scene Arrival Minutes,99,Unknown,99,Unknown EMS Hospital Arrival Time,0,None,1,1,2019-09-22 17:41:00
24,Maryland,240342,2,2,0,1,4,4,1,31,MONTGOMERY (31),0,NOT APPLICABLE,13,10,October,2019,1,Sunday,19,40,0,This section IS NOT on the NHS,3,State Highway,SR-193,2,Urban,3,Principal Arterial - Other,1,State Highway Agency,63,63,38.99723056,-76.99353611,0,No Special Jurisdiction,8,Pedestrian,0,The First Harmful Event was Not a Collision with a Motor Vehicle in Transport,0,No,1,Non-Junction,1,Not an Intersection,4,"Work Zone, Type Unknown",1,On Roadway,3,Dark - Lighted,1,Clear,0,No,0000000,Not Applicable,99,Unknown,99,Unknown,Unknown EMS Scene Arrival Hour,Unknown EMS Scene Arrival Minutes,88,Not Applicable (Not Transported),88,Not Applicable (Not Transported),0,None,1,1,2019-10-13 19:40:00
24,Maryland,240343,2,2,0,0,3,3,0,33,PRINCE GEORGE`S (33),0,NOT APPLICABLE,5,10,October,2019,7,Saturday,21,50,0,This section IS NOT on the NHS,3,State Highway,SR-704,2,Urban,4,Minor Arterial,1,State Highway Agency,13,13,38.90757222,-76.89441944,0,No Special Jurisdiction,12,Motor Vehicle In-Transport,6,Angle,0,No,2,Intersection,2,Four-Way Intersection,0,None,1,On Roadway,3,Dark - Lighted,1,Clear,0,No,0000000,Not Applicable,99,Unknown,99,Unknown,Unknown EMS Scene Arrival Hour,Unknown EMS Scene Arrival Minutes,99,Unknown,99,Unknown EMS Hospital Arrival Time,0,None,1,0,2019-10-05 21:50:00
24,Maryland,240344,1,1,0,0,1,1,0,41,TALBOT (41),0,NOT APPLICABLE,19,10,October,2019,7,Saturday,22,0,0,This section IS NOT on the NHS,4,County Road,CR-111,1,Rural,6,Minor Collector,2,County Highway Agency,7,7,38.66259722,-76.08051111,0,No Special Jurisdiction,34,Ditch,0,The First Harmful Event was Not a Collision with a Motor Vehicle in Transport,0,No,1,Non-Junction,1,Not an Intersection,0,None,4,On Roadside,2,Dark - Not Lighted,1,Clear,0,No,0000000,Not Applicable,99,Unknown,99,Unknown,Unknown EMS Scene Arrival Hour,Unknown EMS Scene Arrival Minutes,88,Not Applicable (Not Transported),88,Not Applicable (Not Transported),0,None,1,1,2019-10-19 22:00:00
24,Maryland,240345,1,1,0,0,1,1,0,41,TALBOT (41),0,NOT APPLICABLE,14,10,October,2019,2,Monday,7,53,0,This section IS NOT on the NHS,3,State Highway,SR-329,1,Rural,6,Minor Collector,1,State Highway Agency,19,19,38.74601667,-76.16154167,0,No Special Jurisdiction,31,"Post, Pole or Other Supports",0,The First Harmful Event was Not a Collision with a Motor Vehicle in Transport,0,No,1,Non-Junction,1,Not an Intersection,0,None,4,On Roadside,1,Daylight,5,"Fog, Smog, Smoke",0,No,0000000,Not Applicable,99,Unknown,99,Unknown,Unknown EMS Scene Arrival Hour,Unknown EMS Scene Arrival Minutes,99,Unknown,99,Unknown EMS Hospital Arrival Time,0,None,1,0,2019-10-14 07:53:00
24,Maryland,240346,1,1,0,0,1,1,0,9,CALVERT (9),0,NOT APPLICABLE,20,10,October,2019,1,Sunday,21,16,0,This section IS NOT on the NHS,4,County Road,CR-22,1,Rural,7,Local,2,County Highway Agency,10,10,38.64025556,-76.57456667,0,No Special Jurisdiction,42,Tree (Standing Only),0,The First Harmful Event was Not a Collision with a Motor Vehicle in Transport,0,No,1,Non-Junction,1,Not an Intersection,0,None,4,On Roadside,2,Dark - Not Lighted,2,Rain,0,No,0000000,Not Applicable,99,Unknown,99,Unknown,Unknown EMS Scene Arrival Hour,Unknown EMS Scene Arrival Minutes,88,Not Applicable (Not Transported),88,Not Applicable (Not Transported),0,None,1,0,2019-10-20 21:16:00
24,Maryland,240347,2,2,0,0,2,2,0,21,FREDERICK (21),0,NOT APPLICABLE,10,9,September,2019,3,Tuesday,17,40,0,This section IS NOT on the NHS,8,Other,OP-414,2,Urban,7,Local,25,Other Local Agency,5,5,39.43112222,-77.39271667,0,No Special Jurisdiction,12,Motor Vehicle In-Transport,8,Sideswipe - Opposite Direction,0,No,2,Intersection,2,Four-Way Intersection,0,None,1,On Roadway,1,Daylight,1,Clear,0,No,0000000,Not Applicable,99,Unknown,99,Unknown,Unknown EMS Scene Arrival Hour,Unknown EMS Scene Arrival Minutes,99,Unknown,99,Unknown EMS Hospital Arrival Time,0,None,1,0,2019-09-10 17:40:00
24,Maryland,240348,1,1,0,0,1,1,0,17,CHARLES (17),0,NOT APPLICABLE,18,10,October,2019,6,Friday,15,15,0,This section IS NOT on the NHS,4,County Road,CR-133,1,Rural,6,Minor Collector,2,County Highway Agency,20,20,38.52248056,-77.08208333,0,No Special Jurisdiction,35,Embankment,0,The First Harmful Event was Not a Collision with a Motor Vehicle in Transport,0,No,1,Non-Junction,1,Not an Intersection,0,None,4,On Roadside,1,Daylight,1,Clear,0,No,0000000,Not Applicable,99,Unknown,99,Unknown,Unknown EMS Scene Arrival Hour,Unknown EMS Scene Arrival Minutes,88,Not Applicable (Not Transported),88,Not Applicable (Not Transported),0,None,1,0,2019-10-18 15:15:00
24,Maryland,240349,1,1,0,0,2,2,0,37,ST. MARY`S (37),0,NOT APPLICABLE,20,10,October,2019,1,Sunday,17,39,0,This section IS NOT on the NHS,3,State Highway,SR-4,1,Rural,4,Minor Arterial,1,State Highway Agency,5,5,38.28820278,-76.61337778,0,No Special Jurisdiction,34,Ditch,0,The First Harmful Event was Not a Collision with a Motor Vehicle in Transport,0,No,1,Non-Junction,1,Not an Intersection,0,None,4,On Roadside,1,Daylight,2,Rain,0,No,0000000,Not Applicable,99,Unknown,99,Unknown,Unknown EMS Scene Arrival Hour,Unknown EMS Scene Arrival Minutes,99,Unknown,99,Unknown EMS Hospital Arrival Time,0,None,1,1,2019-10-20 17:39:00
24,Maryland,240350,3,2,1,3,2,2,3,43,WASHINGTON (43),0,NOT APPLICABLE,10,10,October,2019,5,Thursday,13,14,0,This section IS NOT on the NHS,2,U.S. Highway,US-40,2,Urban,3,Principal Arterial - Other,1,State Highway Agency,357,357,39.64528333,-77.72689722,0,No Special Jurisdiction,12,Motor Vehicle In-Transport,6,Angle,0,No,2,Intersection,3,T-Intersection,0,None,1,On Roadway,1,Daylight,1,Clear,0,No,0000000,Not Applicable,99,Unknown,99,Unknown,Unknown EMS Scene Arrival Hour,Unknown EMS Scene Arrival Minutes,99,Unknown,99,Unknown EMS Hospital Arrival Time,0,None,1,0,2019-10-10 13:14:00
24,Maryland,240352,1,1,0,0,1,1,0,21,FREDERICK (21),0,NOT APPLICABLE,21,10,October,2019,2,Monday,23,32,0,This section IS NOT on the NHS,2,U.S. Highway,US-15,1,Rural,3,Principal Arterial - Other,64,U.S. Forest Service,165,165,39.45723611,-77.39956111,0,No Special Jurisdiction,35,Embankment,0,The First Harmful Event was Not a Collision with a Motor Vehicle in Transport,0,No,1,Non-Junction,1,Not an Intersection,0,None,4,On Roadside,3,Dark - Lighted,10,Cloudy,0,No,0000000,Not Applicable,99,Unknown,99,Unknown,Unknown EMS Scene Arrival Hour,Unknown EMS Scene Arrival Minutes,88,Not Applicable (Not Transported),88,Not Applicable (Not Transported),0,None,1,1,2019-10-21 23:32:00
24,Maryland,240353,2,2,0,0,2,2,0,27,HOWARD (27),0,NOT APPLICABLE,18,10,October,2019,6,Friday,8,5,1,This section IS ON the NHS,2,U.S. Highway,US-29,2,Urban,2,Principal Arterial - Other Freeways and Expressways,1,State Highway Agency,37,37,39.17395,-76.88129167,0,No Special Jurisdiction,12,Motor Vehicle In-Transport,6,Angle,0,No,2,Intersection,3,T-Intersection,0,None,1,On Roadway,1,Daylight,1,Clear,0,No,0000000,Not Applicable,99,Unknown,99,Unknown,Unknown EMS Scene Arrival Hour,Unknown EMS Scene Arrival Minutes,99,Unknown,99,Unknown EMS Hospital Arrival Time,0,None,1,1,2019-10-18 08:05:00
24,Maryland,240354,1,1,0,0,3,3,0,31,MONTGOMERY (31),1360,ROCKVILLE,26,10,October,2019,7,Saturday,11,39,0,This section IS NOT on the NHS,6,Local Street - Municipality,MU-3151,2,Urban,4,Minor Arterial,4,City or Municipal Highway Agency,2,2,39.08672778,-77.15293889,0,No Special Jurisdiction,33,Curb,0,The First Harmful Event was Not a Collision with a Motor Vehicle in Transport,0,No,8,Driveway Access Related,1,Not an Intersection,0,None,4,On Roadside,1,Daylight,10,Cloudy,0,No,0000000,Not Applicable,99,Unknown,99,Unknown,Unknown EMS Scene Arrival Hour,Unknown EMS Scene Arrival Minutes,99,Unknown,99,Unknown EMS Hospital Arrival Time,0,None,2,0,2019-10-26 11:39:00
24,Maryland,240355,1,1,0,1,1,1,1,33,PRINCE GEORGE`S (33),0,NOT APPLICABLE,9,10,October,2019,4,Wednesday,6,21,0,This section IS NOT on the NHS,4,County Road,CR-3853,1,Rural,7,Local,2,County Highway Agency,27,27,38.68711111,-76.90600833,0,No Special Jurisdiction,9,Pedalcyclist,0,The First Harmful Event was Not a Collision with a Motor Vehicle in Transport,0,No,1,Non-Junction,1,Not an Intersection,0,None,1,On Roadway,2,Dark - Not Lighted,10,Cloudy,0,No,0000000,Not Applicable,99,Unknown,99,Unknown,Unknown EMS Scene Arrival Hour,Unknown EMS Scene Arrival Minutes,99,Unknown,99,Unknown EMS Hospital Arrival Time,0,None,1,0,2019-10-09 06:21:00
24,Maryland,240356,2,2,0,0,2,2,0,33,PRINCE GEORGE`S (33),0,NOT APPLICABLE,10,10,October,2019,5,Thursday,20,44,0,This section IS NOT on the NHS,3,State Highway,SR-5,2,Urban,3,Principal Arterial - Other,1,State Highway Agency,40,40,38.7145,-76.8778,0,No Special Jurisdiction,12,Motor Vehicle In-Transport,6,Angle,0,No,2,Intersection,2,Four-Way Intersection,0,None,1,On Roadway,3,Dark - Lighted,1,Clear,0,No,0000000,Not Applicable,99,Unknown,99,Unknown,Unknown EMS Scene Arrival Hour,Unknown EMS Scene Arrival Minutes,99,Unknown,99,Unknown EMS Hospital Arrival Time,0,None,1,1,2019-10-10 20:44:00
24,Maryland,240357,1,1,0,1,1,1,1,510,BALTIMORE (510),50,BALTIMORE,4,7,July,2019,5,Thursday,1,24,0,This section IS NOT on the NHS,2,U.S. Highway,US-40,2,Urban,3,Principal Arterial - Other,1,State Highway Agency,20,20,39.29400556,-76.67415,0,No Special Jurisdiction,8,Pedestrian,0,The First Harmful Event was Not a Collision with a Motor Vehicle in Transport,0,No,3,Intersection-Related,98,Not Reported,0,None,1,On Roadway,3,Dark - Lighted,1,Clear,0,No,0000000,Not Applicable,99,Unknown,99,Unknown,Unknown EMS Scene Arrival Hour,Unknown EMS Scene Arrival Minutes,99,Unknown,99,Unknown EMS Hospital Arrival Time,0,None,1,0,2019-07-04 01:24:00
24,Maryland,240358,3,3,0,0,4,4,0,27,HOWARD (27),0,NOT APPLICABLE,12,9,September,2019,5,Thursday,14,20,1,This section IS ON the NHS,1,Interstate,I-95,2,Urban,1,Interstate,1,State Highway Agency,17,17,39.13466111,-76.85443333,0,No Special Jurisdiction,12,Motor Vehicle In-Transport,6,Angle,0,No,1,Non-Junction,1,Not an Intersection,0,None,1,On Roadway,1,Daylight,1,Clear,0,No,0000000,Not Applicable,99,Unknown,99,Unknown,Unknown EMS Scene Arrival Hour,Unknown EMS Scene Arrival Minutes,99,Unknown,99,Unknown EMS Hospital Arrival Time,0,None,2,0,2019-09-12 14:20:00
24,Maryland,240359,1,1,0,1,1,1,1,5,BALTIMORE (5),0,NOT APPLICABLE,8,8,August,2019,5,Thursday,12,32,0,This section IS NOT on the NHS,4,County Road,CR-4775  S MARILYN AVE,1,Rural,7,Local,2,County Highway Agency,21,21,39.29305833,-76.44500278,0,No Special Jurisdiction,8,Pedestrian,0,The First Harmful Event was Not a Collision with a Motor Vehicle in Transport,0,No,1,Non-Junction,1,Not an Intersection,0,None,1,On Roadway,1,Daylight,1,Clear,0,No,0000000,Not Applicable,99,Unknown,99,Unknown,Unknown EMS Scene Arrival Hour,Unknown EMS Scene Arrival Minutes,99,Unknown,99,Unknown EMS Hospital Arrival Time,0,None,1,0,2019-08-08 12:32:00
24,Maryland,240360,2,2,0,0,2,2,0,47,WORCESTER (47),0,NOT APPLICABLE,20,8,August,2019,3,Tuesday,20,34,0,This section IS NOT on the NHS,2,U.S. Highway,US-50,2,Urban,3,Principal Arterial - Other,1,State Highway Agency,135,135,38.33520556,-75.10128889,0,No Special Jurisdiction,12,Motor Vehicle In-Transport,6,Angle,0,No,2,Intersection,2,Four-Way Intersection,0,None,1,On Roadway,3,Dark - Lighted,1,Clear,0,No,0000000,Not Applicable,99,Unknown,99,Unknown,Unknown EMS Scene Arrival Hour,Unknown EMS Scene Arrival Minutes,99,Unknown,99,Unknown EMS Hospital Arrival Time,0,None,1,0,2019-08-20 20:34:00
24,Maryland,240361,4,4,0,0,5,5,0,43,WASHINGTON (43),0,NOT APPLICABLE,29,10,October,2019,3,Tuesday,14,26,0,This section IS NOT on the NHS,2,U.S. Highway,US-40,1,Rural,5,Major Collector,1,State Highway Agency,450,450,39.54958056,-77.6113,0,No Special Jurisdiction,12,Motor Vehicle In-Transport,1,Front-to-Rear,0,No,3,Intersection-Related,3,T-Intersection,0,None,1,On Roadway,1,Daylight,1,Clear,0,No,0000000,Not Applicable,99,Unknown,99,Unknown,Unknown EMS Scene Arrival Hour,Unknown EMS Scene Arrival Minutes,99,Unknown,99,Unknown EMS Hospital Arrival Time,0,None,3,0,2019-10-29 14:26:00
24,Maryland,240362,2,2,0,0,2,2,0,5,BALTIMORE (5),0,NOT APPLICABLE,30,9,September,2019,2,Monday,10,40,0,This section IS NOT on the NHS,3,State Highway,SR-140,2,Urban,3,Principal Arterial - Other,1,State Highway Agency,104,104,39.47355,-76.83696944,0,No Special Jurisdiction,12,Motor Vehicle In-Transport,1,Front-to-Rear,0,No,3,Intersection-Related,2,Four-Way Intersection,0,None,1,On Roadway,1,Daylight,1,Clear,0,No,0000000,Not Applicable,99,Unknown,99,Unknown,Unknown EMS Scene Arrival Hour,Unknown EMS Scene Arrival Minutes,99,Unknown,99,Unknown EMS Hospital Arrival Time,0,None,1,0,2019-09-30 10:40:00
24,Maryland,240363,2,2,0,0,4,4,0,43,WASHINGTON (43),0,NOT APPLICABLE,1,11,November,2019,6,Friday,19,1,0,This section IS NOT on the NHS,3,State Highway,SR-63,2,Urban,4,Minor Arterial,1,State Highway Agency,90,90,39.60917222,-77.813175,0,No Special Jurisdiction,12,Motor Vehicle In-Transport,6,Angle,0,No,1,Non-Junction,1,Not an Intersection,0,None,1,On Roadway,2,Dark - Not Lighted,1,Clear,0,No,0000000,Not Applicable,99,Unknown,99,Unknown,Unknown EMS Scene Arrival Hour,Unknown EMS Scene Arrival Minutes,99,Unknown,99,Unknown EMS Hospital Arrival Time,0,None,3,1,2019-11-01 19:01:00
24,Maryland,240364,2,2,0,0,2,2,0,510,BALTIMORE (510),50,BALTIMORE,24,8,August,2019,7,Saturday,18,50,0,This section IS NOT on the NHS,8,Other,LAURENS ST,6,Trafficway Not in State Inventory,96,Trafficway Not in State Inventory,96,Trafficway Not in State Inventory,0,None,39.30334444,-76.64180556,0,No Special Jurisdiction,12,Motor Vehicle In-Transport,7,Sideswipe - Same Direction,0,No,1,Non-Junction,1,Not an Intersection,0,None,1,On Roadway,1,Daylight,1,Clear,0,No,0000000,Not Applicable,99,Unknown,99,Unknown,Unknown EMS Scene Arrival Hour,Unknown EMS Scene Arrival Minutes,99,Unknown,99,Unknown EMS Hospital Arrival Time,0,None,1,1,2019-08-24 18:50:00
24,Maryland,240365,1,1,0,1,1,1,1,510,BALTIMORE (510),50,BALTIMORE,30,4,April,2019,3,Tuesday,1,1,0,This section IS NOT on the NHS,6,Local Street - Municipality,MU-43,2,Urban,4,Minor Arterial,4,City or Municipal Highway Agency,13,13,39.28248056,-76.64653889,0,No Special Jurisdiction,8,Pedestrian,0,The First Harmful Event was Not a Collision with a Motor Vehicle in Transport,0,No,1,Non-Junction,1,Not an Intersection,0,None,1,On Roadway,3,Dark - Lighted,1,Clear,0,No,0000000,Not Applicable,99,Unknown,99,Unknown,Unknown EMS Scene Arrival Hour,Unknown EMS Scene Arrival Minutes,88,Not Applicable (Not Transported),88,Not Applicable (Not Transported),0,None,1,0,2019-04-30 01:01:00
24,Maryland,240366,1,1,0,0,1,1,0,3,ANNE ARUNDEL (3),0,NOT APPLICABLE,4,11,November,2019,2,Monday,15,58,0,This section IS NOT on the NHS,3,State Highway,SR-176 RAMP,2,Urban,4,Minor Arterial,1,State Highway Agency,147,147,39.16499167,-76.64245278,0,No Special Jurisdiction,42,Tree (Standing Only),0,The First Harmful Event was Not a Collision with a Motor Vehicle in Transport,0,No,5,Entrance/Exit Ramp Related,1,Not an Intersection,0,None,4,On Roadside,1,Daylight,1,Clear,0,No,0000000,Not Applicable,99,Unknown,99,Unknown,Unknown EMS Scene Arrival Hour,Unknown EMS Scene Arrival Minutes,88,Not Applicable (Not Transported),88,Not Applicable (Not Transported),0,None,1,0,2019-11-04 15:58:00
24,Maryland,240367,2,2,0,0,2,2,0,510,BALTIMORE (510),50,BALTIMORE,2,11,November,2019,7,Saturday,10,9,0,This section IS NOT on the NHS,8,Other,HOWARD ST,8,Not Reported,98,Not Reported,98,Not Reported,0,None,39.319275,-76.61999722,0,No Special Jurisdiction,12,Motor Vehicle In-Transport,6,Angle,0,No,2,Intersection,2,Four-Way Intersection,0,None,1,On Roadway,1,Daylight,1,Clear,0,No,0000000,Not Applicable,99,Unknown,99,Unknown,Unknown EMS Scene Arrival Hour,Unknown EMS Scene Arrival Minutes,99,Unknown,99,Unknown EMS Hospital Arrival Time,0,None,1,0,2019-11-02 10:09:00