STATE,STATENAME,ST_CASE,VE_TOTAL,VE_FORMS,PVH_INVL,PEDS,PERSONS,PERMVIT,PERNOTMVIT,COUNTY,COUNTYNAME,CITY,CITYNAME,DAY,MONTH,MONTHNAME,YEAR,DAY_WEEK,DAY_WEEKNAME,HOUR,MINUTE,NHS,NHSNAME,ROUTE,ROUTENAME,TWAY_ID,RUR_URB,RUR_URBNAME,FUNC_SYS,FUNC_SYSNAME,RD_OWNER,RD_OWNERNAME,MILEPT,MILEPTNAME,LATITUDE,LONGITUD,SP_JUR,SP_JURNAME,HARM_EV,HARM_EVNAME,MAN_COLL,MAN_COLLNAME,RELJCT1,RELJCT1NAME,RELJCT2,RELJCT2NAME,TYP_INT,TYP_INTNAME,WRK_ZONE,WRK_ZONENAME,REL_ROAD,REL_ROADNAME,LGT_COND,LGT_CONDNAME,WEATHER,WEATHERNAME,SCH_BUS,SCH_BUSNAME,RAIL,RAILNAME,NOT_HOUR,NOT_HOURNAME,NOT_MIN,NOT_MINNAME,ARR_HOURNAME,ARR_MINNAME,HOSP_HR,HOSP_HRNAME,HOSP_MN,HOSP_MNNAME,CF1,CF1NAME,FATALS,DRUNK_DR,DATETIME
24,Maryland,240368,2,2,0,0,3,3,0,33,PRINCE GEORGE`S (33),0,NOT APPLICABLE,3,11,November,2019,1,Sunday,13,10,0,This section IS NOT on the NHS,4,County Road,CR-19,2,Urban,7,Local,2,County Highway Agency,7,7,39.03550833,-76.92138611,0,No Special Jurisdiction,12,Motor Vehicle In-Transport,6,Angle,0,No,2,Intersection,3,T-Intersection,0,None,1,On Roadway,1,Daylight,1,Clear,0,No,0000000,Not Applicable,99,Unknown,99,Unknown,Unknown EMS Scene Arrival Hour,Unknown EMS Scene Arrival Minutes,99,Unknown,99,Unknown EMS Hospital Arrival Time,0,None,1,0,2019-11-03 13:10:00
24,Maryland,240369,1,1,0,0,1,1,0,5,BALTIMORE (5),0,NOT APPLICABLE,7,10,October,2019,2,Monday,18,12,0,This section IS NOT on the NHS,3,State Highway,SR-88,1,Rural,5,Major Collector,1,State Highway Agency,70,70,39.54793333,-76.74522222,0,No Special Jurisdiction,1,Rollover/Overturn,0,The First Harmful Event was Not a Collision with a Motor Vehicle in Transport,0,No,1,Non-Junction,1,Not an Intersection,0,None,4,On Roadside,1,Daylight,99,Reported as Unknown,0,No,0000000,Not Applicable,99,Unknown,99,Unknown,Unknown EMS Scene Arrival Hour,Unknown EMS Scene Arrival Minutes,88,Not Applicable (Not Transported),88,Not Applicable (Not Transported),0,None,1,0,2019-10-07 18:12:00
24,Maryland,240370,1,1,0,0,1,1,0,5,BALTIMORE (5),0,NOT APPLICABLE,15,10,October,2019,3,Tuesday,7,34,0,This section IS NOT on the NHS,3,State Highway,SR-588,2,Urban,4,Minor Arterial,1,State Highway Agency,18,18,39.35426944,-76.51273611,0,No Special Jurisdiction,33,Curb,0,The First Harmful Event was Not a Collision with a Motor Vehicle in Transport,0,No,3,Intersection-Related,3,T-Intersection,0,None,4,On Roadside,4,Dawn,98,Not Reported,0,No,0000000,Not Applicable,99,Unknown,99,Unknown,Unknown EMS Scene Arrival Hour,Unknown EMS Scene Arrival Minutes,99,Unknown,99,Unknown EMS Hospital Arrival Time,0,None,1,0,2019-10-15 07:34:00
24,Maryland,240371,4,1,3,0,1,1,0,33,PRINCE GEORGE`S (33),830,HYATTSVILLE,9,11,November,2019,7,Saturday,2,1,0,This section IS NOT on the NHS,6,Local Street - Municipality,MU-367,2,Urban,7,Local,4,City or Municipal Highway Agency,0,None,38.98221944,-76.95621111,0,No Special Jurisdiction,14,Parked Motor Vehicle,0,The First Harmful Event was Not a Collision with a Motor Vehicle in Transport,0,No,1,Non-Junction,1,Not an Intersection,0,None,7,In Parking Lane/Zone,3,Dark - Lighted,1,Clear,0,No,0000000,Not Applicable,99,Unknown,99,Unknown,Unknown EMS Scene Arrival Hour,Unknown EMS Scene Arrival Minutes,88,Not Applicable (Not Transported),88,Not Applicable (Not Transported),0,None,1,1,2019-11-09 02:01:00
24,Maryland,240372,1,1,0,1,1,1,1,9,CALVERT (9),0,NOT APPLICABLE,29,10,October,2019,3,Tuesday,16,24,0,This section IS NOT on the NHS,3,State Highway,SR-402,2,Urban,5,Major Collector,1,State Highway Agency,16,16,38.55302778,-76.56445833,0,No Special Jurisdiction,8,Pedestrian,0,The First Harmful Event was Not a Collision with a Motor Vehicle in Transport,0,No,1,Non-Junction,1,Not an Intersection,0,None,2,On Shoulder,1,Daylight,1,Clear,0,No,0000000,Not Applicable,99,Unknown,99,Unknown,Unknown EMS Scene Arrival Hour,Unknown EMS Scene Arrival Minutes,99,Unknown,99,Unknown EMS Hospital Arrival Time,0,None,1,1,2019-10-29 16:24:00
24,Maryland,240373,1,1,0,1,1,1,1,3,ANNE ARUNDEL (3),0,NOT APPLICABLE,10,11,November,2019,1,Sunday,18,10,0,This section IS NOT on the NHS,3,State Highway,SR-2,2,Urban,3,Principal Arterial - Other,1,State Highway Agency,275,275,39.05690556,-76.52705278,0,No Special Jurisdiction,8,Pedestrian,0,The First Harmful Event was Not a Collision with a Motor Vehicle in Transport,0,No,1,Non-Junction,1,Not an Intersection,0,None,1,On Roadway,2,Dark - Not Lighted,1,Clear,0,No,0000000,Not Applicable,99,Unknown,99,Unknown,Unknown EMS Scene Arrival Hour,Unknown EMS Scene Arrival Minutes,88,Not Applicable (Not Transported),88,Not Applicable (Not Transported),0,None,1,0,2019-11-10 18:10:00
24,Maryland,240374,1,1,0,1,1,1,1,33,PRINCE GEORGE`S (33),0,NOT APPLICABLE,8,11,November,2019,6,Friday,21,23,0,This section IS NOT on the NHS,3,State Highway,SR-704,2,Urban,4,Minor Arterial,1,State Highway Agency,45,45,38.94126944,-76.85321667,0,No Special Jurisdiction,8,Pedestrian,0,The First Harmful Event was Not a Collision with a Motor Vehicle in Transport,0,No,1,Non-Junction,1,Not an Intersection,0,None,1,On Roadway,3,Dark - Lighted,1,Clear,0,No,0000000,Not Applicable,99,Unknown,99,Unknown,Unknown EMS Scene Arrival Hour,Unknown EMS Scene Arrival Minutes,88,Not Applicable (Not Transported),88,Not Applicable (Not Transported),0,None,1,0,2019-11-08 21:23:00
24,Maryland,240375,1,1,0,0,2,2,0,33,PRINCE GEORGE`S (33),0,NOT APPLICABLE,10,11,November,2019,1,Sunday,2,11,0,This section IS NOT on the NHS,3,State Highway,SR-212,2,Urban,4,Minor Arterial,1,State Highway Agency,15,15,38.97521389,-76.97905833,0,No Special Jurisdiction,33,Curb,0,The First Harmful Event was Not a Collision with a Motor Vehicle in Transport,0,No,1,Non-Junction,1,Not an Intersection,0,None,4,On Roadside,3,Dark - Lighted,1,Clear,0,No,0000000,Not Applicable,99,Unknown,99,Unknown,Unknown EMS Scene Arrival Hour,Unknown EMS Scene Arrival Minutes,99,Unknown,99,Unknown EMS Hospital Arrival Time,0,None,1,0,2019-11-10 02:11:00
24,Maryland,240377,1,1,0,0,2,2,0,5,BALTIMORE (5),0,NOT APPLICABLE,12,9,September,2019,5,Thursday,14,16,0,This section IS NOT on the NHS,2,U.S. Highway,US-1,1,Rural,3,Principal Arterial - Other,1,State Highway Agency,191,191,39.3915,-76.48861667,0,No Special Jurisdiction,33,Curb,0,The First Harmful Event was Not a Collision with a Motor Vehicle in Transport,0,No,1,Non-Junction,1,Not an Intersection,0,None,4,On Roadside,1,Daylight,1,Clear,0,No,0000000,Not Applicable,99,Unknown,99,Unknown,Unknown EMS Scene Arrival Hour,Unknown EMS Scene Arrival Minutes,99,Unknown,99,Unknown EMS Hospital Arrival Time,0,None,1,0,2019-09-12 14:16:00
24,Maryland,240378,1,1,0,0,2,2,0,43,WASHINGTON (43),730,HAGERSTOWN,3,10,October,2019,5,Thursday,10,1,0,This section IS NOT on the NHS,6,Local Street - Municipality,MU-2600,2,Urban,4,Minor Arterial,4,City or Municipal Highway Agency,4,4,39.62545278,-77.73121667,0,No Special Jurisdiction,43,Other Fixed Object,0,The First Harmful Event was Not a Collision with a Motor Vehicle in Transport,0,No,3,Intersection-Related,2,Four-Way Intersection,0,None,4,On Roadside,1,Daylight,1,Clear,0,No,0000000,Not Applicable,99,Unknown,99,Unknown,Unknown EMS Scene Arrival Hour,Unknown EMS Scene Arrival Minutes,99,Unknown,99,Unknown EMS Hospital Arrival Time,0,None,2,0,2019-10-03 10:01:00
24,Maryland,240379,2,2,0,0,2,2,0,27,HOWARD (27),384,COOKSVILLE,21,10,October,2019,2,Monday,10,50,1,This section IS ON the NHS,1,Interstate,I-70 SR-40 W NATIONAL PIKE,1,Rural,1,Interstate,1,State Highway Agency,70,70,39.32423056,-77.00946389,0,No Special Jurisdiction,12,Motor Vehicle In-Transport,1,Front-to-Rear,0,No,1,Non-Junction,1,Not an Intersection,0,None,1,On Roadway,1,Daylight,1,Clear,0,No,0000000,Not Applicable,99,Unknown,99,Unknown,Unknown EMS Scene Arrival Hour,Unknown EMS Scene Arrival Minutes,99,Unknown,99,Unknown EMS Hospital Arrival Time,0,None,1,0,2019-10-21 10:50:00
24,Maryland,240380,1,1,0,1,1,1,1,510,BALTIMORE (510),50,BALTIMORE,3,9,September,2019,3,Tuesday,16,41,0,This section IS NOT on the NHS,6,Local Street - Municipality,MU-1023,2,Urban,4,Minor Arterial,4,City or Municipal Highway Agency,13,13,39.31518889,-76.65975278,0,No Special Jurisdiction,8,Pedestrian,0,The First Harmful Event was Not a Collision with a Motor Vehicle in Transport,0,No,1,Non-Junction,1,Not an Intersection,0,None,4,On Roadside,1,Daylight,1,Clear,0,No,0000000,Not Applicable,99,Unknown,99,Unknown,Unknown EMS Scene Arrival Hour,Unknown EMS Scene Arrival Minutes,99,Unknown,99,Unknown EMS Hospital Arrival Time,0,None,1,0,2019-09-03 16:41:00
24,Maryland,240381,1,1,0,1,1,1,1,31,MONTGOMERY (31),1360,ROCKVILLE,6,11,November,2019,4,Wednesday,7,27,0,This section IS NOT on the NHS,6,Local Street - Municipality,MU-2050,2,Urban,7,Local,4,City or Municipal Highway Agency,4,4,39.07657778,-77.11656389,0,No Special Jurisdiction,8,Pedestrian,0,The First Harmful Event was Not a Collision with a Motor Vehicle in Transport,0,No,1,Non-Junction,1,Not an Intersection,0,None,1,On Roadway,1,Daylight,1,Clear,0,No,0000000,Not Applicable,99,Unknown,99,Unknown,Unknown EMS Scene Arrival Hour,Unknown EMS Scene Arrival Minutes,99,Unknown,99,Unknown EMS Hospital Arrival Time,0,None,1,0,2019-11-06 07:27:00
24,Maryland,240382,1,1,0,2,1,1,2,33,PRINCE GEORGE`S (33),983,MARLOW HEIGHTS,14,10,October,2019,2,Monday,23,36,1,This section IS ON the NHS,3,State Highway,SR-414 ST BARNABAS RD,2,Urban,3,Principal Arterial - Other,1,State Highway Agency,37,37,38.82380556,-76.94855833,0,No Special Jurisdiction,8,Pedestrian,0,The First Harmful Event was Not a Collision with a Motor Vehicle in Transport,0,No,1,Non-Junction,1,Not an Intersection,0,None,1,On Roadway,3,Dark - Lighted,1,Clear,0,No,0000000,Not Applicable,99,Unknown,99,Unknown,Unknown EMS Scene Arrival Hour,Unknown EMS Scene Arrival Minutes,99,Unknown,99,Unknown EMS Hospital Arrival Time,0,None,1,0,2019-10-14 23:36:00
24,Maryland,240383,3,3,0,4,2,2,4,510,BALTIMORE (510),50,BALTIMORE,10,8,August,2019,7,Saturday,23,34,0,This section IS NOT on the NHS,6,Local Street - Municipality,MU-4460,2,Urban,3,Principal Arterial - Other,4,City or Municipal Highway Agency,1,1,39.29536389,-76.67193056,0,No Special Jurisdiction,12,Motor Vehicle In-Transport,99,Reported as Unknown,0,No,1,Non-Junction,1,Not an Intersection,0,None,1,On Roadway,3,Dark - Lighted,1,Clear,0,No,0000000,Not Applicable,99,Unknown,99,Unknown,Unknown EMS Scene Arrival Hour,Unknown EMS Scene Arrival Minutes,99,Unknown,99,Unknown EMS Hospital Arrival Time,23,Indication of a Stalled/Disabled Vehicle,1,0,2019-08-10 23:34:00
24,Maryland,240384,3,1,2,1,1,1,1,33,PRINCE GEORGE`S (33),0,NOT APPLICABLE,6,11,November,2019,4,Wednesday,22,31,0,This section IS NOT on the NHS,3,State Highway,SR-5,2,Urban,2,Principal Arterial - Other Freeways and Expressways,1,State Highway Agency,90,90,38.78204722,-76.89357778,0,No Special Jurisdiction,14,Parked Motor Vehicle,0,The First Harmful Event was Not a Collision with a Motor Vehicle in Transport,0,No,1,Non-Junction,1,Not an Intersection,0,None,2,On Shoulder,2,Dark - Not Lighted,1,Clear,0,No,0000000,Not Applicable,99,Unknown,99,Unknown,Unknown EMS Scene Arrival Hour,Unknown EMS Scene Arrival Minutes,88,Not Applicable (Not Transported),88,Not Applicable (Not Transported),23,Indication of a Stalled/Disabled Vehicle,1,0,2019-11-06 22:31:00
24,Maryland,240385,1,1,0,1,1,1,1,33,PRINCE GEORGE`S (33),0,NOT APPLICABLE,15,10,October,2019,3,Tuesday,20,42,0,This section IS NOT on the NHS,3,State Highway,SR-198,2,Urban,3,Principal Arterial - Other,1,State Highway Agency,25,25,39.10208611,-76.86604167,0,No Special Jurisdiction,8,Pedestrian,0,The First Harmful Event was Not a Collision with a Motor Vehicle in Transport,0,No,2,Intersection,2,Four-Way Intersection,0,None,1,On Roadway,3,Dark - Lighted,1,Clear,0,No,0000000,Not Applicable,99,Unknown,99,Unknown,Unknown EMS Scene Arrival Hour,Unknown EMS Scene Arrival Minutes,99,Unknown,99,Unknown EMS Hospital Arrival Time,0,None,1,1,2019-10-15 20:42:00
24,Maryland,240386,1,1,0,0,1,1,0,31,MONTGOMERY (31),0,NOT APPLICABLE,17,11,November,2019,1,Sunday,21,51,0,This section IS NOT on the NHS,4,County Road,CR-200,1,Rural,6,Minor Collector,2,County Highway Agency,12,12,39.25098611,-77.37431944,0,No Special Jurisdiction,42,Tree (Standing Only),0,The First Harmful Event was Not a Collision with a Motor Vehicle in Transport,0,No,1,Non-Junction,1,Not an Intersection,0,None,4,On Roadside,2,Dark - Not Lighted,1,Clear,0,No,0000000,Not Applicable,99,Unknown,99,Unknown,Unknown EMS Scene Arrival Hour,Unknown EMS Scene Arrival Minutes,88,Not Applicable (Not Transported),88,Not Applicable (Not Transported),0,None,1,1,2019-11-17 21:51:00
24,Maryland,240387,3,3,0,0,3,3,0,15,CECIL (15),0,NOT APPLICABLE,9,9,September,2019,2,Monday,10,17,0,This section IS NOT on the NHS,3,State Highway,SR-222,2,Urban,7,Local,1,State Highway Agency,34,34,39.59846111,-76.08307222,0,No Special Jurisdiction,12,Motor Vehicle In-Transport,6,Angle,0,No,2,Intersection,2,Four-Way Intersection,0,None,1,On Roadway,1,Daylight,1,Clear,0,No,0000000,Not Applicable,99,Unknown,99,Unknown,Unknown EMS Scene Arrival Hour,Unknown EMS Scene Arrival Minutes,99,Unknown,99,Unknown EMS Hospital Arrival Time,0,None,1,0,2019-09-09 10:17:00
24,Maryland,240388,2,2,0,0,3,3,0,33,PRINCE GEORGE`S (33),0,NOT APPLICABLE,1,9,September,2019,1,Sunday,22,24,0,This section IS NOT on the NHS,3,State Highway,SR-458,2,Urban,4,Minor Arterial,1,State Highway Agency,9,9,38.84349444,-76.93079167,0,No Special Jurisdiction,12,Motor Vehicle In-Transport,7,Sideswipe - Same Direction,0,No,8,Driveway Access Related,1,Not an Intersection,0,None,1,On Roadway,3,Dark - Lighted,1,Clear,0,No,0000000,Not Applicable,99,Unknown,99,Unknown,Unknown EMS Scene Arrival Hour,Unknown EMS Scene Arrival Minutes,99,Unknown,99,Unknown EMS Hospital Arrival Time,0,None,1,0,2019-09-01 22:24:00
24,Maryland,240389,2,2,0,0,3,3,0,3,ANNE ARUNDEL (3),1415,SEVERN,27,9,September,2019,6,Friday,20,31,0,This section IS NOT on the NHS,3,State Highway,SR-175 ANNAPOLIS RD,2,Urban,4,Minor Arterial,1,State Highway Agency,47,47,39.09596667,-76.72041944,0,No Special Jurisdiction,12,Motor Vehicle In-Transport,6,Angle,0,No,2,Intersection,3,T-Intersection,0,None,1,On Roadway,3,Dark - Lighted,1,Clear,0,No,0000000,Not Applicable,99,Unknown,99,Unknown,Unknown EMS Scene Arrival Hour,Unknown EMS Scene Arrival Minutes,88,Not Applicable (Not Transported),88,Not Applicable (Not Transported),0,None,1,1,2019-09-27 20:31:00
24,Maryland,240390,2,2,0,0,1,1,0,510,BALTIMORE (510),0,NOT APPLICABLE,5,11,November,2019,3,Tuesday,12,55,0,This section IS NOT on the NHS,3,State Highway,SR-151,2,Urban,3,Principal Arterial - Other,1,State Highway Agency,16,16,39.30433611,-76.55559167,0,No Special Jurisdiction,12,Motor Vehicle In-Transport,1,Front-to-Rear,0,No,1,Non-Junction,1,Not an Intersection,0,None,1,On Roadway,1,Daylight,1,Clear,0,No,0000000,Not Applicable,99,Unknown,99,Unknown,Unknown EMS Scene Arrival Hour,Unknown EMS Scene Arrival Minutes,88,Not Applicable (Not Transported),88,Not Applicable (Not Transported),19,Recent/Previous Crash scene Nearby,1,0,2019-11-05 12:55:00
24,Maryland,240391,1,1,0,1,1,1,1,33,PRINCE GEORGE`S (33),0,NOT APPLICABLE,14,11,November,2019,5,Thursday,20,49,0,This section IS NOT on the NHS,4,County Road,CR-99,2,Urban,3,Principal Arterial - Other,2,County Highway Agency,5,5,38.82524167,-76.76884167,0,No Special Jurisdiction,8,Pedestrian,0,The First Harmful Event was Not a Collision with a Motor Vehicle in Transport,0,No,3,Intersection-Related,2,Four-Way Intersection,0,None,1,On Roadway,3,Dark - Lighted,1,Clear,0,No,0000000,Not Applicable,99,Unknown,99,Unknown,Unknown EMS Scene Arrival Hour,Unknown EMS Scene Arrival Minutes,88,Not Applicable (Not Transported),88,Not Applicable (Not Transported),0,None,1,0,2019-11-14 20:49:00
24,Maryland,240392,2,2,0,0,2,2,0,41,TALBOT (41),0,NOT APPLICABLE,15,11,November,2019,6,Friday,7,45,0,This section IS NOT on the NHS,3,State Highway,SR-331,1,Rural,4,Minor Arterial,1,State Highway Agency,18,18,38.77386944,-76.02157222,0,No Special Jurisdiction,12,Motor Vehicle In-Transport,2,Front-to-Front,0,No,2,Intersection,3,T-Intersection,0,None,1,On Roadway,1,Daylight,1,Clear,0,No,0000000,Not Applicable,99,Unknown,99,Unknown,Unknown EMS Scene Arrival Hour,Unknown EMS Scene Arrival Minutes,99,Unknown,99,Unknown EMS Hospital Arrival Time,0,None,1,0,2019-11-15 07:45:00
24,Maryland,240393,1,1,0,0,1,1,0,47,WORCESTER (47),0,NOT APPLICABLE,16,11,November,2019,7,Saturday,13,58,0,This section IS NOT on the NHS,3,State Highway,SR-589,2,Urban,4,Minor Arterial,1,State Highway Agency,14,14,38.366775,-75.16578889,0,No Special Jurisdiction,42,Tree (Standing Only),0,The First Harmful Event was Not a Collision with a Motor Vehicle in Transport,0,No,1,Non-Junction,1,Not an Intersection,0,None,4,On Roadside,1,Daylight,10,Cloudy,0,No,0000000,Not Applicable,99,Unknown,99,Unknown,Unknown EMS Scene Arrival Hour,Unknown EMS Scene Arrival Minutes,99,Unknown,99,Unknown EMS Hospital Arrival Time,99,Reported as Unknown,1,0,2019-11-16 13:58:00
24,Maryland,240394,1,1,0,0,1,1,0,15,CECIL (15),0,NOT APPLICABLE,3,7,July,2019,4,Wednesday,19,56,0,This section IS NOT on the NHS,4,County Road,CR-184,2,Urban,7,Local,2,County Highway Agency,7,7,39.66801944,-75.82392778,0,No Special Jurisdiction,42,Tree (Standing Only),0,The First Harmful Event was Not a Collision with a Motor Vehicle in Transport,0,No,1,Non-Junction,1,Not an Intersection,0,None,4,On Roadside,5,Dusk,1,Clear,0,No,0000000,Not Applicable,99,Unknown,99,Unknown,Unknown EMS Scene Arrival Hour,Unknown EMS Scene Arrival Minutes,88,Not Applicable (Not Transported),88,Not Applicable (Not Transported),0,None,1,1,2019-07-03 19:56:00
24,Maryland,240395,2,2,0,0,2,2,0,43,WASHINGTON (43),0,NOT APPLICABLE,19,7,July,2019,6,Friday,11,14,0,This section IS NOT on the NHS,2,U.S. Highway,US-40,2,Urban,5,Major Collector,1,State Highway Agency,426,426,39.57313611,-77.64891389,0,No Special Jurisdiction,12,Motor Vehicle In-Transport,6,Angle,0,No,1,Non-Junction,1,Not an Intersection,0,None,1,On Roadway,1,Daylight,1,Clear,0,No,0000000,Not Applicable,99,Unknown,99,Unknown,Unknown EMS Scene Arrival Hour,Unknown EMS Scene Arrival Minutes,99,Unknown,99,Unknown EMS Hospital Arrival Time,0,None,1,0,2019-07-19 11:14:00
24,Maryland,240396,1,1,0,0,5,5,0,27,HOWARD (27),0,NOT APPLICABLE,24,8,August,2019,7,Saturday,23,25,1,This section IS ON the NHS,1,Interstate,I-95 RAMP,2,Urban,1,Interstate,1,State Highway Agency,61,61,39.17831667,-76.79168333,0,No Special Jurisdiction,24,Guardrail Face,0,The First Harmful Event was Not a Collision with a Motor Vehicle in Transport,0,No,5,Entrance/Exit Ramp Related,1,Not an Intersection,0,None,4,On Roadside,3,Dark - Lighted,1,Clear,0,No,0000000,Not Applicable,99,Unknown,99,Unknown,Unknown EMS Scene Arrival Hour,Unknown EMS Scene Arrival Minutes,99,Unknown,99,Unknown EMS Hospital Arrival Time,0,None,2,1,2019-08-24 23:25:00
24,Maryland,240397,1,1,0,0,3,3,0,13,CARROLL (13),0,NOT APPLICABLE,30,8,August,2019,6,Friday,15,55,0,This section IS NOT on the NHS,3,State Highway,SR-27,1,Rural,4,Minor Arterial,1,State Highway Agency,78,78,39.44388889,-77.09565556,0,No Special Jurisdiction,42,Tree (Standing Only),0,The First Harmful Event was Not a Collision with a Motor Vehicle in Transport,0,No,1,Non-Junction,1,Not an Intersection,0,None,4,On Roadside,1,Daylight,1,Clear,0,No,0000000,Not Applicable,99,Unknown,99,Unknown,Unknown EMS Scene Arrival Hour,Unknown EMS Scene Arrival Minutes,99,Unknown,99,Unknown EMS Hospital Arrival Time,0,None,1,0,2019-08-30 15:55:00
24,Maryland,240398,1,1,0,1,1,1,1,5,BALTIMORE (5),0,NOT APPLICABLE,25,8,August,2019,1,Sunday,14,21,0,This section IS NOT on the NHS,3,State Highway,SR-26,2,Urban,3,Principal Arterial - Other,1,State Highway Agency,32,32,39.38422778,-76.82896389,0,No Special Jurisdiction,8,Pedestrian,0,The First Harmful Event was Not a Collision with a Motor Vehicle in Transport,0,No,8,Driveway Access Related,1,Not an Intersection,0,None,1,On Roadway,1,Daylight,1,Clear,0,No,0000000,Not Applicable,99,Unknown,99,Unknown,Unknown EMS Scene Arrival Hour,Unknown EMS Scene Arrival Minutes,99,Unknown,99,Unknown EMS Hospital Arrival Time,0,None,1,0,2019-08-25 14:21:00
24,Maryland,240399,2,2,0,0,4,4,0,37,ST. MARY`S (37),0,NOT APPLICABLE,14,11,November,2019,5,Thursday,16,40,0,This section IS NOT on the NHS,3,State Highway,SR-5,1,Rural,4,Minor Arterial,1,State Highway Agency,378,378,38.41970833,-76.71770833,0,No Special Jurisdiction,12,Motor Vehicle In-Transport,2,Front-to-Front,0,No,1,Non-Junction,1,Not an Intersection,0,None,1,On Roadway,1,Daylight,1,Clear,0,No,0000000,Not Applicable,99,Unknown,99,Unknown,Unknown EMS Scene Arrival Hour,Unknown EMS Scene Arrival Minutes,99,Unknown,99,Unknown EMS Hospital Arrival Time,0,None,1,0,2019-11-14 16:40:00
24,Maryland,240400,2,2,0,0,3,3,0,27,HOWARD (27),0,NOT APPLICABLE,12,8,August,2019,2,Monday,8,59,1,This section IS ON the NHS,1,Interstate,I-70,2,Urban,1,Interstate,1,State Highway Agency,0,None,39.35536389,-77.13511111,0,No Special Jurisdiction,12,Motor Vehicle In-Transport,1,Front-to-Rear,0,No,1,Non-Junction,1,Not an Intersection,0,None,1,On Roadway,1,Daylight,1,Clear,0,No,0000000,Not Applicable,99,Unknown,99,Unknown,Unknown EMS Scene Arrival Hour,Unknown EMS Scene Arrival Minutes,99,Unknown,99,Unknown EMS Hospital Arrival Time,0,None,1,0,2019-08-12 08:59:00
24,Maryland,240401,2,2,0,0,2,2,0,21,FREDERICK (21),0,NOT APPLICABLE,24,10,October,2019,5,Thursday,3,1,1,This section IS ON the NHS,1,Interstate,I-70,2,Urban,1,Interstate,1,State Highway Agency,219,219,39.38654167,-77.30151944,0,No Special Jurisdiction,12,Motor Vehicle In-Transport,1,Front-to-Rear,0,No,1,Non-Junction,1,Not an Intersection,0,None,1,On Roadway,2,Dark - Not Lighted,1,Clear,0,No,0000000,Not Applicable,99,Unknown,99,Unknown,Unknown EMS Scene Arrival Hour,Unknown EMS Scene Arrival Minutes,99,Unknown,99,Unknown EMS Hospital Arrival Time,0,None,1,0,2019-10-24 03:01:00
24,Maryland,240402,2,2,0,0,4,4,0,510,BALTIMORE (510),50,BALTIMORE,9,7,July,2019,3,Tuesday,18,37,0,This section IS NOT on the NHS,6,Local Street - Municipality,MU-10 WABASH AVE,2,Urban,4,Minor Arterial,4,City or Municipal Highway Agency,23,23,39.34977778,-76.70195278,0,No Special Jurisdiction,12,Motor Vehicle In-Transport,6,Angle,0,No,2,Intersection,3,T-Intersection,0,None,1,On Roadway,5,Dusk,1,Clear,0,No,0000000,Not Applicable,99,Unknown,99,Unknown,Unknown EMS Scene Arrival Hour,Unknown EMS Scene Arrival Minutes,99,Unknown,99,Unknown EMS Hospital Arrival Time,0,None,1,0,2019-07-09 18:37:00
24,Maryland,240403,1,1,0,1,1,1,1,33,PRINCE GEORGE`S (33),0,NOT APPLICABLE,21,11,November,2019,5,Thursday,1,7,1,This section IS ON the NHS,1,Interstate,I-95,2,Urban,1,Interstate,1,State Highway Agency,327,327,39.10858333,-76.88078056,0,No Special Jurisdiction,8,Pedestrian,0,The First Harmful Event was Not a Collision with a Motor Vehicle in Transport,0,No,1,Non-Junction,1,Not an Intersection,0,None,1,On Roadway,6,Dark - Unknown Lighting,1,Clear,0,No,0000000,Not Applicable,99,Unknown,99,Unknown,Unknown EMS Scene Arrival Hour,Unknown EMS Scene Arrival Minutes,88,Not Applicable (Not Transported),88,Not Applicable (Not Transported),0,None,1,0,2019-11-21 01:07:00
24,Maryland,240404,3,3,0,0,3,3,0,21,FREDERICK (21),0,NOT APPLICABLE,24,11,November,2019,1,Sunday,7,45,1,This section IS ON the NHS,1,Interstate,I-270,2,Urban,1,Interstate,1,State Highway Agency,87,87,39.38003333,-77.407925,0,No Special Jurisdiction,20,Impact Attenuator/Crash Cushion,0,The First Harmful Event was Not a Collision with a Motor Vehicle in Transport,1,Yes,19,Other location within Interchange Area,1,Not an Intersection,4,"Work Zone, Type Unknown",8,Gore,1,Daylight,2,Rain,0,No,0000000,Not Applicable,99,Unknown,99,Unknown,Unknown EMS Scene Arrival Hour,Unknown EMS Scene Arrival Minutes,99,Unknown,99,Unknown EMS Hospital Arrival Time,0,None,1,1,2019-11-24 07:45:00