STATE,STATENAME,ST_CASE,VE_TOTAL,VE_FORMS,PVH_INVL,PEDS,PERSONS,PERMVIT,PERNOTMVIT,COUNTY,COUNTYNAME,CITY,CITYNAME,DAY,MONTH,MONTHNAME,YEAR,DAY_WEEK,DAY_WEEKNAME,HOUR,MINUTE,NHS,NHSNAME,ROUTE,ROUTENAME,TWAY_ID,RUR_URB,RUR_URBNAME,FUNC_SYS,FUNC_SYSNAME,RD_OWNER,RD_OWNERNAME,MILEPT,MILEPTNAME,LATITUDE,LONGITUD,SP_JUR,SP_JURNAME,HARM_EV,HARM_EVNAME,MAN_COLL,MAN_COLLNAME,RELJCT1,RELJCT1NAME,RELJCT2,RELJCT2NAME,TYP_INT,TYP_INTNAME,WRK_ZONE,WRK_ZONENAME,REL_ROAD,REL_ROADNAME,LGT_COND,LGT_CONDNAME,WEATHER,WEATHERNAME,SCH_BUS,SCH_BUSNAME,RAIL,RAILNAME,NOT_HOUR,NOT_HOURNAME,NOT_MIN,NOT_MINNAME,ARR_HOURNAME,ARR_MINNAME,HOSP_HR,HOSP_HRNAME,HOSP_MN,HOSP_MNNAME,CF1,CF1NAME,FATALS,DRUNK_DR,DATETIME
24,Maryland,240405,1,1,0,0,1,1,0,13,CARROLL (13),0,NOT APPLICABLE,24,11,November,2019,1,Sunday,4,8,0,This section IS NOT on the NHS,3,State Highway,SR-27,1,Rural,4,Minor Arterial,1,State Highway Agency,237,237,39.62815278,-76.93289722,0,No Special Jurisdiction,42,Tree (Standing Only),0,The First Harmful Event was Not a Collision with a Motor Vehicle in Transport,0,No,1,Non-Junction,1,Not an Intersection,0,None,4,On Roadside,3,Dark - Lighted,2,Rain,0,No,0000000,Not Applicable,99,Unknown,99,Unknown,Unknown EMS Scene Arrival Hour,Unknown EMS Scene Arrival Minutes,88,Not Applicable (Not Transported),88,Not Applicable (Not Transported),0,None,1,1,2019-11-24 04:08:00
24,Maryland,240406,2,2,0,0,2,2,0,5,BALTIMORE (5),0,NOT APPLICABLE,16,8,August,2019,6,Friday,12,21,0,This section IS NOT on the NHS,3,State Highway,SR-45,2,Urban,4,Minor Arterial,1,State Highway Agency,96,96,39.50073611,-76.65058333,0,No Special Jurisdiction,12,Motor Vehicle In-Transport,6,Angle,0,No,2,Intersection,3,T-Intersection,0,None,1,On Roadway,1,Daylight,10,Cloudy,0,No,0000000,Not Applicable,99,Unknown,99,Unknown,Unknown EMS Scene Arrival Hour,Unknown EMS Scene Arrival Minutes,99,Unknown,99,Unknown EMS Hospital Arrival Time,0,None,1,0,2019-08-16 12:21:00
24,Maryland,240407,3,1,2,0,1,1,0,43,WASHINGTON (43),0,NOT APPLICABLE,17,10,October,2019,5,Thursday,8,24,0,This section IS NOT on the NHS,3,State Highway,SR-64,2,Urban,5,Major Collector,1,State Highway Agency,3,3,39.64134167,-77.70895833,0,No Special Jurisdiction,14,Parked Motor Vehicle,0,The First Harmful Event was Not a Collision with a Motor Vehicle in Transport,0,No,3,Intersection-Related,2,Four-Way Intersection,0,None,7,In Parking Lane/Zone,1,Daylight,1,Clear,0,No,0000000,Not Applicable,99,Unknown,99,Unknown,Unknown EMS Scene Arrival Hour,Unknown EMS Scene Arrival Minutes,99,Unknown,99,Unknown EMS Hospital Arrival Time,0,None,1,0,2019-10-17 08:24:00
24,Maryland,240408,1,1,0,0,1,1,0,15,CECIL (15),0,NOT APPLICABLE,26,11,November,2019,3,Tuesday,1,28,0,This section IS NOT on the NHS,2,U.S. Highway,US-1,1,Rural,3,Principal Arterial - Other,1,State Highway Agency,5,5,39.66606944,-76.17065,0,No Special Jurisdiction,25,Concrete Traffic Barrier,0,The First Harmful Event was Not a Collision with a Motor Vehicle in Transport,0,No,1,Non-Junction,1,Not an Intersection,0,None,4,On Roadside,3,Dark - Lighted,1,Clear,0,No,0000000,Not Applicable,99,Unknown,99,Unknown,Unknown EMS Scene Arrival Hour,Unknown EMS Scene Arrival Minutes,88,Not Applicable (Not Transported),88,Not Applicable (Not Transported),0,None,1,0,2019-11-26 01:28:00
24,Maryland,240409,1,1,0,1,2,2,1,510,BALTIMORE (510),50,BALTIMORE,29,8,August,2019,5,Thursday,20,11,0,This section IS NOT on the NHS,2,U.S. Highway,US-1AL,2,Urban,3,Principal Arterial - Other,4,City or Municipal Highway Agency,4,4,39.26150278,-76.66517222,0,No Special Jurisdiction,8,Pedestrian,0,The First Harmful Event was Not a Collision with a Motor Vehicle in Transport,0,No,1,Non-Junction,1,Not an Intersection,0,None,1,On Roadway,3,Dark - Lighted,1,Clear,0,No,0000000,Not Applicable,99,Unknown,99,Unknown,Unknown EMS Scene Arrival Hour,Unknown EMS Scene Arrival Minutes,99,Unknown,99,Unknown EMS Hospital Arrival Time,0,None,1,0,2019-08-29 20:11:00
24,Maryland,240410,1,1,0,0,3,3,0,43,WASHINGTON (43),730,HAGERSTOWN,13,11,November,2019,4,Wednesday,6,18,0,This section IS NOT on the NHS,6,Local Street - Municipality,MU-30,2,Urban,5,Major Collector,4,City or Municipal Highway Agency,11,11,39.64444167,-77.72753611,0,No Special Jurisdiction,30,Utility Pole/Light Support,0,The First Harmful Event was Not a Collision with a Motor Vehicle in Transport,0,No,1,Non-Junction,1,Not an Intersection,0,None,4,On Roadside,4,Dawn,1,Clear,0,No,0000000,Not Applicable,99,Unknown,99,Unknown,Unknown EMS Scene Arrival Hour,Unknown EMS Scene Arrival Minutes,99,Unknown,99,Unknown EMS Hospital Arrival Time,0,None,1,0,2019-11-13 06:18:00
24,Maryland,240411,1,1,0,0,1,1,0,33,PRINCE GEORGE`S (33),0,NOT APPLICABLE,1,12,December,2019,1,Sunday,23,36,0,This section IS NOT on the NHS,3,State Highway,SR-200,2,Urban,3,Principal Arterial - Other,1,State Highway Agency,29,29,39.06508056,-76.881775,0,No Special Jurisdiction,33,Curb,0,The First Harmful Event was Not a Collision with a Motor Vehicle in Transport,0,No,3,Intersection-Related,3,T-Intersection,0,None,3,On Median,3,Dark - Lighted,10,Cloudy,0,No,0000000,Not Applicable,99,Unknown,99,Unknown,Unknown EMS Scene Arrival Hour,Unknown EMS Scene Arrival Minutes,88,Not Applicable (Not Transported),88,Not Applicable (Not Transported),0,None,1,1,2019-12-01 23:36:00
24,Maryland,240412,2,2,0,0,2,2,0,37,ST. MARY`S (37),0,NOT APPLICABLE,30,11,November,2019,7,Saturday,22,45,0,This section IS NOT on the NHS,4,County Road,CR-52,1,Rural,7,Local,2,County Highway Agency,0,None,38.37514167,-76.73358333,0,No Special Jurisdiction,12,Motor Vehicle In-Transport,2,Front-to-Front,0,No,1,Non-Junction,1,Not an Intersection,0,None,1,On Roadway,2,Dark - Not Lighted,10,Cloudy,0,No,0000000,Not Applicable,99,Unknown,99,Unknown,Unknown EMS Scene Arrival Hour,Unknown EMS Scene Arrival Minutes,99,Unknown,99,Unknown EMS Hospital Arrival Time,0,None,1,1,2019-11-30 22:45:00
24,Maryland,240413,1,1,0,1,4,4,1,5,BALTIMORE (5),0,NOT APPLICABLE,6,9,September,2019,6,Friday,20,1,1,This section IS ON the NHS,3,State Highway,SR-150 EASTERN BLVD,2,Urban,3,Principal Arterial - Other,1,State Highway Agency,57,57,39.32936667,-76.44011111,0,No Special Jurisdiction,8,Pedestrian,0,The First Harmful Event was Not a Collision with a Motor Vehicle in Transport,0,No,1,Non-Junction,1,Not an Intersection,0,None,1,On Roadway,3,Dark - Lighted,10,Cloudy,0,No,0000000,Not Applicable,99,Unknown,99,Unknown,Unknown EMS Scene Arrival Hour,Unknown EMS Scene Arrival Minutes,99,Unknown,99,Unknown EMS Hospital Arrival Time,0,None,1,0,2019-09-06 20:01:00
24,Maryland,240414,1,1,0,1,7,7,1,33,PRINCE GEORGE`S (33),0,NOT APPLICABLE,11,11,November,2019,2,Monday,0,26,1,This section IS ON the NHS,1,Interstate,I-95,2,Urban,1,Interstate,1,State Highway Agency,91,91,38.82188333,-76.88683889,0,No Special Jurisdiction,8,Pedestrian,0,The First Harmful Event was Not a Collision with a Motor Vehicle in Transport,0,No,1,Non-Junction,1,Not an Intersection,4,"Work Zone, Type Unknown",1,On Roadway,2,Dark - Not Lighted,1,Clear,0,No,0000000,Not Applicable,99,Unknown,99,Unknown,Unknown EMS Scene Arrival Hour,Unknown EMS Scene Arrival Minutes,88,Not Applicable (Not Transported),88,Not Applicable (Not Transported),0,None,1,0,2019-11-11 00:26:00
24,Maryland,240415,2,2,0,0,2,2,0,510,BALTIMORE (510),50,BALTIMORE,9,6,June,2019,1,Sunday,23,20,0,This section IS NOT on the NHS,6,Local Street - Municipality,MU-1703,2,Urban,3,Principal Arterial - Other,4,City or Municipal Highway Agency,6,6,39.29843611,-76.62001389,0,No Special Jurisdiction,12,Motor Vehicle In-Transport,6,Angle,0,No,3,Intersection-Related,2,Four-Way Intersection,0,None,1,On Roadway,3,Dark - Lighted,1,Clear,0,No,0000000,Not Applicable,99,Unknown,99,Unknown,Unknown EMS Scene Arrival Hour,Unknown EMS Scene Arrival Minutes,99,Unknown,99,Unknown EMS Hospital Arrival Time,0,None,1,0,2019-06-09 23:20:00
24,Maryland,240416,1,1,0,1,1,1,1,510,BALTIMORE (510),50,BALTIMORE,21,5,May,2019,3,Tuesday,22,58,0,This section IS NOT on the NHS,6,Local Street - Municipality,MU-2840,2,Urban,7,Local,4,City or Municipal Highway Agency,7,7,39.34499444,-76.68633611,0,No Special Jurisdiction,8,Pedestrian,0,The First Harmful Event was Not a Collision with a Motor Vehicle in Transport,0,No,3,Intersection-Related,2,Four-Way Intersection,0,None,1,On Roadway,9,Reported as Unknown,98,Not Reported,0,No,0000000,Not Applicable,99,Unknown,99,Unknown,Unknown EMS Scene Arrival Hour,Unknown EMS Scene Arrival Minutes,99,Unknown,99,Unknown EMS Hospital Arrival Time,0,None,1,0,2019-05-21 22:58:00
24,Maryland,240417,1,1,0,1,1,1,1,33,PRINCE GEORGE`S (33),0,NOT APPLICABLE,31,10,October,2019,5,Thursday,23,19,0,This section IS NOT on the NHS,3,State Highway,SR-458,2,Urban,3,Principal Arterial - Other,1,State Highway Agency,12,12,38.847275,-76.92585278,0,No Special Jurisdiction,8,Pedestrian,0,The First Harmful Event was Not a Collision with a Motor Vehicle in Transport,0,No,1,Non-Junction,1,Not an Intersection,0,None,1,On Roadway,3,Dark - Lighted,2,Rain,0,No,0000000,Not Applicable,99,Unknown,99,Unknown,Unknown EMS Scene Arrival Hour,Unknown EMS Scene Arrival Minutes,99,Unknown,99,Unknown EMS Hospital Arrival Time,0,None,1,0,2019-10-31 23:19:00
24,Maryland,240418,1,1,0,0,2,2,0,31,MONTGOMERY (31),1360,ROCKVILLE,17,10,October,2019,5,Thursday,9,24,0,This section IS NOT on the NHS,6,Local Street - Municipality,MU-140,2,Urban,5,Major Collector,4,City or Municipal Highway Agency,3,3,39.07145556,-77.11984444,0,No Special Jurisdiction,5,Fell/Jumped from Vehicle,0,The First Harmful Event was Not a Collision with a Motor Vehicle in Transport,0,No,1,Non-Junction,1,Not an Intersection,0,None,1,On Roadway,1,Daylight,1,Clear,0,No,0000000,Not Applicable,99,Unknown,99,Unknown,Unknown EMS Scene Arrival Hour,Unknown EMS Scene Arrival Minutes,99,Unknown,99,Unknown EMS Hospital Arrival Time,0,None,1,0,2019-10-17 09:24:00
24,Maryland,240419,2,1,1,0,2,1,1,25,HARFORD (25),0,NOT APPLICABLE,3,12,December,2019,3,Tuesday,18,0,1,This section IS ON the NHS,1,Interstate,I-95,2,Urban,1,Interstate,1,State Highway Agency,63,63,39.47986944,-76.26301111,0,No Special Jurisdiction,14,Parked Motor Vehicle,0,The First Harmful Event was Not a Collision with a Motor Vehicle in Transport,0,No,1,Non-Junction,1,Not an Intersection,0,None,2,On Shoulder,2,Dark - Not Lighted,1,Clear,0,No,0000000,Not Applicable,99,Unknown,99,Unknown,Unknown EMS Scene Arrival Hour,Unknown EMS Scene Arrival Minutes,88,Not Applicable (Not Transported),88,Not Applicable (Not Transported),0,None,1,1,2019-12-03 18:00:00
24,Maryland,240421,1,1,0,1,1,1,1,3,ANNE ARUNDEL (3),0,NOT APPLICABLE,3,12,December,2019,3,Tuesday,18,23,0,This section IS NOT on the NHS,3,State Highway,SR-450,2,Urban,3,Principal Arterial - Other,1,State Highway Agency,105,105,38.98078333,-76.52712222,0,No Special Jurisdiction,8,Pedestrian,0,The First Harmful Event was Not a Collision with a Motor Vehicle in Transport,0,No,4,Driveway Access,1,Not an Intersection,0,None,1,On Roadway,5,Dusk,10,Cloudy,0,No,0000000,Not Applicable,99,Unknown,99,Unknown,Unknown EMS Scene Arrival Hour,Unknown EMS Scene Arrival Minutes,99,Unknown,99,Unknown EMS Hospital Arrival Time,0,None,1,1,2019-12-03 18:23:00
24,Maryland,240422,1,1,0,0,2,2,0,43,WASHINGTON (43),0,NOT APPLICABLE,2,12,December,2019,2,Monday,22,33,1,This section IS ON the NHS,1,Interstate,I-70,2,Urban,1,Interstate,1,State Highway Agency,267,267,39.60715833,-77.77508889,0,No Special Jurisdiction,32,Culvert,0,The First Harmful Event was Not a Collision with a Motor Vehicle in Transport,0,No,1,Non-Junction,1,Not an Intersection,0,None,3,On Median,3,Dark - Lighted,1,Clear,0,No,0000000,Not Applicable,99,Unknown,99,Unknown,Unknown EMS Scene Arrival Hour,Unknown EMS Scene Arrival Minutes,99,Unknown,99,Unknown EMS Hospital Arrival Time,0,None,1,1,2019-12-02 22:33:00
24,Maryland,240423,2,2,0,0,4,4,0,17,CHARLES (17),0,NOT APPLICABLE,7,12,December,2019,7,Saturday,0,46,1,This section IS ON the NHS,2,U.S. Highway,US-301,1,Rural,3,Principal Arterial - Other,1,State Highway Agency,75,75,38.45041389,-76.98938056,0,No Special Jurisdiction,12,Motor Vehicle In-Transport,2,Front-to-Front,0,No,1,Non-Junction,1,Not an Intersection,0,None,1,On Roadway,3,Dark - Lighted,1,Clear,0,No,0000000,Not Applicable,99,Unknown,99,Unknown,Unknown EMS Scene Arrival Hour,Unknown EMS Scene Arrival Minutes,99,Unknown,99,Unknown EMS Hospital Arrival Time,0,None,1,1,2019-12-07 00:46:00
24,Maryland,240424,1,1,0,1,1,1,1,27,HOWARD (27),0,NOT APPLICABLE,27,11,November,2019,4,Wednesday,17,46,0,This section IS NOT on the NHS,2,U.S. Highway,US-1,2,Urban,3,Principal Arterial - Other,1,State Highway Agency,95,95,39.20614722,-76.72818056,0,No Special Jurisdiction,8,Pedestrian,0,The First Harmful Event was Not a Collision with a Motor Vehicle in Transport,0,No,8,Driveway Access Related,1,Not an Intersection,0,None,1,On Roadway,3,Dark - Lighted,1,Clear,0,No,0000000,Not Applicable,99,Unknown,99,Unknown,Unknown EMS Scene Arrival Hour,Unknown EMS Scene Arrival Minutes,99,Unknown,99,Unknown EMS Hospital Arrival Time,0,None,1,0,2019-11-27 17:46:00
24,Maryland,240425,2,2,0,0,2,2,0,27,HOWARD (27),0,NOT APPLICABLE,2,12,December,2019,2,Monday,21,44,0,This section IS NOT on the NHS,3,State Highway,SR-108,2,Urban,4,Minor Arterial,1,State Highway Agency,63,63,39.23089444,-76.91370833,0,No Special Jurisdiction,12,Motor Vehicle In-Transport,2,Front-to-Front,0,No,1,Non-Junction,1,Not an Intersection,0,None,1,On Roadway,2,Dark - Not Lighted,10,Cloudy,0,No,0000000,Not Applicable,99,Unknown,99,Unknown,Unknown EMS Scene Arrival Hour,Unknown EMS Scene Arrival Minutes,99,Unknown,99,Unknown EMS Hospital Arrival Time,0,None,1,1,2019-12-02 21:44:00
24,Maryland,240426,1,1,0,1,1,1,1,510,BALTIMORE (510),50,BALTIMORE,26,7,July,2019,6,Friday,7,3,0,This section IS NOT on the NHS,2,U.S. Highway,US-1,2,Urban,3,Principal Arterial - Other,1,State Highway Agency,12,12,39.27574167,-76.66545833,0,No Special Jurisdiction,8,Pedestrian,0,The First Harmful Event was Not a Collision with a Motor Vehicle in Transport,0,No,1,Non-Junction,1,Not an Intersection,0,None,1,On Roadway,1,Daylight,1,Clear,0,No,0000000,Not Applicable,99,Unknown,99,Unknown,Unknown EMS Scene Arrival Hour,Unknown EMS Scene Arrival Minutes,99,Unknown,99,Unknown EMS Hospital Arrival Time,0,None,1,0,2019-07-26 07:03:00
24,Maryland,240427,3,3,0,0,6,6,0,3,ANNE ARUNDEL (3),0,NOT APPLICABLE,21,11,November,2019,5,Thursday,10,4,0,This section IS NOT on the NHS,3,State Highway,SR-648E,2,Urban,4,Minor Arterial,1,State Highway Agency,46,46,39.18040278,-76.63888056,0,No Special Jurisdiction,12,Motor Vehicle In-Transport,6,Angle,0,No,2,Intersection,3,T-Intersection,0,None,1,On Roadway,1,Daylight,1,Clear,0,No,0000000,Not Applicable,99,Unknown,99,Unknown,Unknown EMS Scene Arrival Hour,Unknown EMS Scene Arrival Minutes,99,Unknown,99,Unknown EMS Hospital Arrival Time,0,None,1,0,2019-11-21 10:04:00
24,Maryland,240428,1,1,0,0,1,1,0,23,GARRETT (23),0,NOT APPLICABLE,16,11,November,2019,7,Saturday,22,30,0,This section IS NOT on the NHS,2,U.S. Highway,US-219,1,Rural,3,Principal Arterial - Other,1,State Highway Agency,307,307,39.62628333,-79.320925,0,No Special Jurisdiction,42,Tree (Standing Only),0,The First Harmful Event was Not a Collision with a Motor Vehicle in Transport,0,No,3,Intersection-Related,3,T-Intersection,0,None,4,On Roadside,3,Dark - Lighted,1,Clear,0,No,0000000,Not Applicable,99,Unknown,99,Unknown,Unknown EMS Scene Arrival Hour,Unknown EMS Scene Arrival Minutes,88,Not Applicable (Not Transported),88,Not Applicable (Not Transported),0,None,1,1,2019-11-16 22:30:00
24,Maryland,240429,2,2,0,0,2,2,0,3,ANNE ARUNDEL (3),0,NOT APPLICABLE,11,12,December,2019,4,Wednesday,15,16,0,This section IS NOT on the NHS,3,State Highway,SR-176,2,Urban,4,Minor Arterial,1,State Highway Agency,35,35,39.16266389,-76.66871944,0,No Special Jurisdiction,12,Motor Vehicle In-Transport,2,Front-to-Front,0,No,2,Intersection,3,T-Intersection,0,None,1,On Roadway,1,Daylight,1,Clear,0,No,0000000,Not Applicable,99,Unknown,99,Unknown,Unknown EMS Scene Arrival Hour,Unknown EMS Scene Arrival Minutes,99,Unknown,99,Unknown EMS Hospital Arrival Time,0,None,1,0,2019-12-11 15:16:00
24,Maryland,240430,1,1,0,0,1,1,0,5,BALTIMORE (5),0,NOT APPLICABLE,20,8,August,2019,3,Tuesday,10,21,1,This section IS ON the NHS,4,County Road,CR-8762  E JOPPA RD,2,Urban,3,Principal Arterial - Other,2,County Highway Agency,55,55,39.3963,-76.578175,0,No Special Jurisdiction,33,Curb,0,The First Harmful Event was Not a Collision with a Motor Vehicle in Transport,0,No,1,Non-Junction,1,Not an Intersection,0,None,4,On Roadside,1,Daylight,1,Clear,0,No,0000000,Not Applicable,99,Unknown,99,Unknown,Unknown EMS Scene Arrival Hour,Unknown EMS Scene Arrival Minutes,88,Not Applicable (Not Transported),88,Not Applicable (Not Transported),0,None,1,0,2019-08-20 10:21:00
24,Maryland,240431,1,1,0,1,1,1,1,31,MONTGOMERY (31),0,NOT APPLICABLE,12,12,December,2019,5,Thursday,15,48,0,This section IS NOT on the NHS,4,County Road,CR-2138,2,Urban,7,Local,2,County Highway Agency,2,2,38.97675833,-77.11987222,0,No Special Jurisdiction,8,Pedestrian,0,The First Harmful Event was Not a Collision with a Motor Vehicle in Transport,0,No,2,Intersection,3,T-Intersection,0,None,1,On Roadway,1,Daylight,1,Clear,1,Yes,0000000,Not Applicable,99,Unknown,99,Unknown,Unknown EMS Scene Arrival Hour,Unknown EMS Scene Arrival Minutes,99,Unknown,99,Unknown EMS Hospital Arrival Time,31,Related to a Bus Stop,1,0,2019-12-12 15:48:00
24,Maryland,240432,1,1,0,1,1,1,1,13,CARROLL (13),0,NOT APPLICABLE,26,11,November,2019,3,Tuesday,18,3,0,This section IS NOT on the NHS,3,State Highway,SR-194,2,Urban,4,Minor Arterial,1,State Highway Agency,85,85,39.68443889,-77.150175,0,No Special Jurisdiction,8,Pedestrian,0,The First Harmful Event was Not a Collision with a Motor Vehicle in Transport,0,No,3,Intersection-Related,3,T-Intersection,0,None,1,On Roadway,6,Dark - Unknown Lighting,1,Clear,0,No,0000000,Not Applicable,99,Unknown,99,Unknown,Unknown EMS Scene Arrival Hour,Unknown EMS Scene Arrival Minutes,99,Unknown,99,Unknown EMS Hospital Arrival Time,0,None,1,0,2019-11-26 18:03:00
24,Maryland,240433,1,1,0,0,1,1,0,19,DORCHESTER (19),0,NOT APPLICABLE,9,12,December,2019,2,Monday,2,26,0,This section IS NOT on the NHS,3,State Highway,SR-392,1,Rural,5,Major Collector,1,State Highway Agency,100,100,38.63275,-75.77726667,0,No Special Jurisdiction,34,Ditch,0,The First Harmful Event was Not a Collision with a Motor Vehicle in Transport,0,No,1,Non-Junction,1,Not an Intersection,0,None,4,On Roadside,2,Dark - Not Lighted,2,Rain,0,No,0000000,Not Applicable,99,Unknown,99,Unknown,Unknown EMS Scene Arrival Hour,Unknown EMS Scene Arrival Minutes,88,Not Applicable (Not Transported),88,Not Applicable (Not Transported),0,None,1,1,2019-12-09 02:26:00
24,Maryland,240434,2,2,0,0,4,4,0,33,PRINCE GEORGE`S (33),1400,SEAT PLEASANT,28,11,November,2019,5,Thursday,23,57,1,This section IS ON the NHS,3,State Highway,SR-704 MARTIN LUTHER KING JR,2,Urban,3,Principal Arterial - Other,1,State Highway Agency,8,8,38.90233611,-76.90036944,0,No Special Jurisdiction,12,Motor Vehicle In-Transport,6,Angle,0,No,2,Intersection,3,T-Intersection,0,None,1,On Roadway,3,Dark - Lighted,1,Clear,0,No,0000000,Not Applicable,99,Unknown,99,Unknown,Unknown EMS Scene Arrival Hour,Unknown EMS Scene Arrival Minutes,99,Unknown,99,Unknown EMS Hospital Arrival Time,0,None,1,0,2019-11-28 23:57:00
24,Maryland,240435,2,1,1,0,2,2,0,33,PRINCE GEORGE`S (33),0,NOT APPLICABLE,9,12,December,2019,2,Monday,0,30,0,This section IS NOT on the NHS,4,County Road,CR-1402,2,Urban,7,Local,2,County Highway Agency,2,2,38.97735833,-76.94091944,0,No Special Jurisdiction,14,Parked Motor Vehicle,0,The First Harmful Event was Not a Collision with a Motor Vehicle in Transport,0,No,1,Non-Junction,1,Not an Intersection,0,None,7,In Parking Lane/Zone,3,Dark - Lighted,2,Rain,0,No,0000000,Not Applicable,99,Unknown,99,Unknown,Unknown EMS Scene Arrival Hour,Unknown EMS Scene Arrival Minutes,99,Unknown,99,Unknown EMS Hospital Arrival Time,0,None,1,1,2019-12-09 00:30:00
24,Maryland,240436,3,3,0,0,8,8,0,11,CAROLINE (11),0,NOT APPLICABLE,1,12,December,2019,1,Sunday,12,6,0,This section IS NOT on the NHS,3,State Highway,SR-404,1,Rural,3,Principal Arterial - Other,1,State Highway Agency,165,165,38.80434444,-75.732925,0,No Special Jurisdiction,12,Motor Vehicle In-Transport,2,Front-to-Front,0,No,1,Non-Junction,1,Not an Intersection,0,None,1,On Roadway,1,Daylight,2,Rain,0,No,0000000,Not Applicable,99,Unknown,99,Unknown,Unknown EMS Scene Arrival Hour,Unknown EMS Scene Arrival Minutes,99,Unknown,99,Unknown EMS Hospital Arrival Time,0,None,1,0,2019-12-01 12:06:00
24,Maryland,240437,1,1,0,1,2,2,1,5,BALTIMORE (5),0,NOT APPLICABLE,27,10,October,2019,1,Sunday,19,15,0,This section IS NOT on the NHS,4,County Road,CR-6880,2,Urban,4,Minor Arterial,2,County Highway Agency,3,3,39.37176667,-76.45648611,0,No Special Jurisdiction,9,Pedalcyclist,0,The First Harmful Event was Not a Collision with a Motor Vehicle in Transport,0,No,1,Non-Junction,1,Not an Intersection,0,None,1,On Roadway,3,Dark - Lighted,98,Not Reported,0,No,0000000,Not Applicable,99,Unknown,99,Unknown,Unknown EMS Scene Arrival Hour,Unknown EMS Scene Arrival Minutes,99,Unknown,99,Unknown EMS Hospital Arrival Time,0,None,1,0,2019-10-27 19:15:00
24,Maryland,240438,1,1,0,1,3,3,1,510,BALTIMORE (510),50,BALTIMORE,28,9,September,2019,7,Saturday,16,19,0,This section IS NOT on the NHS,8,Other,W NORTH AVE,6,Trafficway Not in State Inventory,96,Trafficway Not in State Inventory,96,Trafficway Not in State Inventory,0,None,39.30887778,-76.67362778,0,No Special Jurisdiction,8,Pedestrian,0,The First Harmful Event was Not a Collision with a Motor Vehicle in Transport,0,No,1,Non-Junction,1,Not an Intersection,0,None,1,On Roadway,1,Daylight,1,Clear,0,No,0000000,Not Applicable,99,Unknown,99,Unknown,Unknown EMS Scene Arrival Hour,Unknown EMS Scene Arrival Minutes,99,Unknown,99,Unknown EMS Hospital Arrival Time,0,None,1,0,2019-09-28 16:19:00
24,Maryland,240439,1,1,0,1,1,1,1,33,PRINCE GEORGE`S (33),0,NOT APPLICABLE,22,11,November,2019,6,Friday,23,42,0,This section IS NOT on the NHS,3,State Highway,SR-500,2,Urban,4,Minor Arterial,1,State Highway Agency,12,12,38.95582222,-76.96221667,0,No Special Jurisdiction,9,Pedalcyclist,0,The First Harmful Event was Not a Collision with a Motor Vehicle in Transport,0,No,2,Intersection,2,Four-Way Intersection,0,None,1,On Roadway,3,Dark - Lighted,10,Cloudy,0,No,0000000,Not Applicable,99,Unknown,99,Unknown,Unknown EMS Scene Arrival Hour,Unknown EMS Scene Arrival Minutes,99,Unknown,99,Unknown EMS Hospital Arrival Time,0,None,1,0,2019-11-22 23:42:00
24,Maryland,240440,2,2,0,0,3,3,0,5,BALTIMORE (5),0,NOT APPLICABLE,7,10,October,2019,2,Monday,19,6,0,This section IS NOT on the NHS,3,State Highway,SR-7,2,Urban,4,Minor Arterial,1,State Highway Agency,94,94,39.40986667,-76.41035833,0,No Special Jurisdiction,12,Motor Vehicle In-Transport,2,Front-to-Front,0,No,2,Intersection,3,T-Intersection,0,None,1,On Roadway,3,Dark - Lighted,10,Cloudy,0,No,0000000,Not Applicable,99,Unknown,99,Unknown,Unknown EMS Scene Arrival Hour,Unknown EMS Scene Arrival Minutes,99,Unknown,99,Unknown EMS Hospital Arrival Time,0,None,1,0,2019-10-07 19:06:00